,Unnamed: 0,smiles,exp_mean [nM],y,cliff_mol,split,ood_split,sim_to_train_medoid
0,0,CCCCCCCC(=O)OCC(NC(=O)CN)C(=O)NC(CO)C(=O)NC(Cc1ccccc1)C(=O)O,72.0,-1.8573324964312683,0,train,train,0.244140625
1,1,CCCCCCCC(=O)OCC(NC(=O)CNC(=O)C(N)CCCNC(=N)N)C(=O)NC(CO)C(=O)NC(Cc1ccccc1)C(=O)NC(CC(C)C)C(=O)NC(CO)C(=O)N1CCCC1C(=O)NC(CCC(=O)O)C(=O)NC(Cc1cnc[nH]1)C(=O)NC(CCC(N)=O)C(=O)NC(CCCCN)C(=O)NC(C)C(=O)NC(CCC(N)=O)C(=O)NC(CCC(N)=O)C(=O)NC(CCCNC(=N)N)C(=O)NC(CCCCN)C(=O)NC(CCC(=O)O)C(=O)NC(CO)C(=O)NC(CCCCN)C(=O)NC(CCCCN)C(=O)N1CCCC1C(=O)N1CCCC1C(=O)NC(C)C(=O)NC(CCCCN)C(=O)NC(CC(C)C)C(=O)NC(CCC(N)=O)C(=O)N1CCCC1C(=O)O,1.406,-0.1479853206838051,0,train,train,0.194580078125
2,2,CC(C)(N)C(=O)NC(COCc1ccccc1)C(=O)N1CCC2(CC1)CN(S(C)(=O)=O)c1ccccc12,0.8461,0.0725783049495813,0,train,train,0.37646484375
3,3,NC(=O)CN(CCc1ccccc1)C(=O)C(Cc1ccc2ccccc2c1)NC(=O)C(Cc1ccc2ccccc2c1)NC(=O)C1CCNCC1,0.34,0.4685210829577448,0,train,train,0.25
4,4,CC(C)N(CCNC(=O)C1c2ccc(Oc3cccc(F)c3)cc2CCN1C(=O)OC(C)(C)C)C(C)C,4.3,-0.6334684555795865,0,train,train,0.1837158203125
5,5,CC(C)N(CCNC(=O)C1c2ccc(Oc3ccc(Cl)cc3)cc2CCN1C(=O)OC(C)(C)C)C(C)C,0.73,0.1366771398795441,1,test,train,0.17529296875
6,6,CC(C)N(CCNC(=O)C1c2ccc(Oc3cccc(C(F)(F)F)c3)cc2CCN1C(=O)OC(C)(C)C)C(C)C,1.5,-0.1760912590556812,0,test,train,0.1817626953125
7,7,CC(C)N(CCNC(=O)C1c2ccc(Oc3ccc(C(F)(F)F)cc3)cc2CCN1C(=O)OC(C)(C)C)C(C)C,2.3,-0.3617278360175928,0,test,train,0.1717529296875
8,8,CC(C)N(CCNC(=O)C1c2ccc(Oc3cccc([N+](=O)[O-])c3)cc2CCN1C(=O)OC(C)(C)C)C(C)C,0.66,0.1804560644581313,0,train,train,0.176513671875
9,9,COc1cccc(Oc2ccc3c(c2)CCN(C(=O)OC(C)(C)C)C3C(=O)NCCN(C(C)C)C(C)C)c1,0.46,0.3372421683184259,1,train,train,0.185546875
10,10,COc1ccc(Oc2ccc3c(c2)CCN(C(=O)OC(C)(C)C)C3C(=O)NCCN(C(C)C)C(C)C)cc1,0.49,0.3098039199714863,1,test,train,0.1771240234375
11,11,CSc1ccc(Oc2ccc3c(c2)CCN(C(=O)OC(C)(C)C)C3C(=O)NCCN(C(C)C)C(C)C)cc1,2.4,-0.380211241711606,0,train,train,0.1734619140625
12,12,CC(C)N(CCNC(=O)C1c2ccc(Oc3ccc(C=O)cc3)cc2CCN1C(=O)OC(C)(C)C)C(C)C,1.4,-0.146128035678238,0,train,train,0.1717529296875
13,13,CC(=O)Nc1cccc(Oc2ccc3c(c2)CCN(C(=O)OC(C)(C)C)C3C(=O)NCCN(C(C)C)C(C)C)c1,12.0,-1.0791812460476249,1,train,train,0.1800537109375
14,14,CC(C)N(CCNC(=O)C1c2ccc(OCc3ccccc3)cc2CCN1C(=O)OC(C)(C)C)C(C)C,11.7,-1.0681858617461617,1,test,train,0.236572265625
15,15,CC(C)N(CCNC(=O)C1c2ccc(OCc3ccccc3)cc2CCN1C(=O)CC(C)(C)C)C(C)C,20.9,-1.320146286111054,1,train,train,0.2340087890625
16,16,CC(=O)N1CCc2cc(OCc3ccccc3)ccc2C1C(=O)NCCN(C(C)C)C(C)C,257.0,-2.4099331233312946,1,train,train,0.2332763671875
17,17,CC(C)N(CCNC(=O)C1c2ccc(OCc3ccccc3)cc2CCN1C(=O)c1ccccc1)C(C)C,7.6,-0.8808135922807914,0,train,train,0.215087890625
18,18,CC(=O)c1ccccc1C(=O)N1CCc2cc(OCc3ccccc3)ccc2C1C(=O)NCCN(C(C)C)C(C)C,7.3,-0.8633228601204559,0,train,train,0.2061767578125
19,19,CC(C)N(CCNC(=O)C1c2ccc(OCc3ccccc3)cc2CCN1C(=O)c1ccccc1F)C(C)C,17.8,-1.250420002308894,0,train,train,0.2041015625
20,20,CC(C)N(CCNC(=O)C1c2ccc(OCc3ccccc3)cc2CCN1C(=O)Cc1ccccc1)C(C)C,9.0,-0.9542425094393248,0,train,train,0.215087890625
21,21,CC(C)N(CCNC(=O)C1c2ccc(OCc3ccccc3)cc2CCN1C(=O)Cc1ccccc1F)C(C)C,43.0,-1.6334684555795866,0,train,train,0.2020263671875
22,22,COc1ccccc1CC(=O)N1CCc2cc(OCc3ccccc3)ccc2C1C(=O)NCCN(C(C)C)C(C)C,2.1,-0.3222192947339193,0,train,train,0.199951171875
23,23,COc1cccc(CC(=O)N2CCc3cc(OCc4ccccc4)ccc3C2C(=O)NCCN(C(C)C)C(C)C)c1,6.4,-0.8061799739838872,0,train,train,0.2020263671875
24,24,COc1ccc(CC(=O)N2CCc3cc(OCc4ccccc4)ccc3C2C(=O)NCCN(C(C)C)C(C)C)cc1,45.0,-1.6532125137753435,0,train,train,0.2041015625
25,25,CC(C)N(CCNC(=O)C1c2ccc(OCc3ccccc3)cc2CCN1C(=O)CCc1ccccc1)C(C)C,26.7,-1.4265112613645752,0,test,train,0.2391357421875
26,26,CC(C)N(CCNC(=O)C1c2ccc(OCc3ccccc3)cc2CCN1C(=O)CCCc1ccccc1)C(C)C,13.1,-1.1172712956557642,0,train,train,0.260986328125
27,27,CC(C)N(CCNC(=O)C1c2ccc(OCc3ccccc3)cc2CCN1C(=O)C(O)c1ccccc1)C(C)C,39.0,-1.591064607026499,1,train,train,0.2083740234375
28,28,CC(C)N(CCNC(=O)C1c2ccc(OCc3ccccc3)cc2CCN1C(=O)C(CO)c1ccccc1)C(C)C,5.6,-0.7481880270062005,0,train,train,0.2041015625
29,29,CC(C(=O)N1CCc2cc(OCc3ccccc3)ccc2C1C(=O)NCCN(C(C)C)C(C)C)c1ccccc1,3.4,-0.5314789170422551,1,test,train,0.2105712890625
30,30,CC(=O)C(C(=O)N1CCc2cc(OCc3ccccc3)ccc2C1C(=O)NCCN(C(C)C)C(C)C)c1ccccc1,9.2,-0.9637878273455552,0,train,train,0.2041015625
31,31,CC(=O)NC(C(=O)N1CCc2cc(OCc3ccccc3)ccc2C1C(=O)NCCN(C(C)C)C(C)C)c1ccccc1,19.7,-1.294466226161593,0,train,train,0.212158203125
32,32,CC(C)N(CCNC(=O)C1c2ccc(OCc3ccccc3)cc2CCN1C(=O)NC(C)(C)C)C(C)C,14.4,-1.1583624920952498,1,train,train,0.236572265625
33,33,CC(C)N(CCNC(=O)C1c2ccc(OCc3ccccc3)cc2CCN1C(=O)N(C)C)C(C)C,190.0,-2.278753600952829,1,train,train,0.230712890625
34,34,CC(C)N(CCNC(=O)C1c2ccc(OCc3ccccc3)cc2CCN1C(=O)S(=O)(=O)c1ccccc1)C(C)C,21.0,-1.3222192947339193,0,train,train,0.2083740234375
35,35,CC(C)N(CCNC(=O)C1c2ccc(OCc3ccccc3)cc2CCN1C(=O)S(=O)(=O)Cc1ccccc1)C(C)C,7.3,-0.8633228601204559,0,test,train,0.2083740234375
36,36,CC(C)N(CCNC(=O)C1c2ccc(OCc3ccccc3)cc2CCN1C(=O)S(=O)(=O)N(C)C)C(C)C,21.0,-1.3222192947339193,1,train,train,0.2083740234375
37,37,CCCOC(=O)N1CCc2cc(OCc3ccccc3)ccc2C1C(=O)NCCN(C(C)C)C(C)C,3.4,-0.5314789170422551,1,test,train,0.2210693359375
38,38,CC(C)N(CCNC(=O)C1c2ccc(OCc3ccccc3)cc2CCN1C(=O)OC1CCCCC1)C(C)C,4.9,-0.6901960800285137,1,test,train,0.2041015625
39,39,CC(C)N(CCNC(=O)C1c2ccc(OCc3ccccc3)cc2CCN1C(=O)OCc1ccccc1)C(C)C,27.0,-1.4313637641589874,0,test,train,0.230712890625
40,40,COC(=O)C(C)(C)OC(=O)N1CCc2cc(OCc3ccccc3)ccc2C1C(=O)NCCN(C(C)C)C(C)C,1.5,-0.1760912590556812,0,train,train,0.226806640625
41,41,CC(=O)C(C)(C)OC(=O)N1CCc2cc(OCc3ccccc3)ccc2C1C(=O)NCCN(C(C)C)C(C)C,2.0,-0.3010299956639812,0,test,train,0.2291259765625
42,42,CC(C)N(CCNC(=O)C1c2ccc(OCc3ccccc3)cc2CCN1C(=O)OC(C)(C)C(=O)N(C)C)C(C)C,0.85,0.0705810742857072,1,test,train,0.2244873046875
43,43,CC(C)N(CCNC(=O)C1c2ccc(OCc3ccccc3)cc2CCN1C(=O)OC(C)(C)C#N)C(C)C,9.8,-0.9912260756924948,1,train,train,0.2244873046875
44,44,CC(C)NCCNC(=O)C1c2ccc(OCc3ccccc3)cc2CCN1C(=O)OC(C)(C)C,219.0,-2.3404441148401185,1,train,train,0.2391357421875
45,45,CC(C)N(C)CCNC(=O)C1c2ccc(OCc3ccccc3)cc2CCN1C(=O)OC(C)(C)C,41.0,-1.6127838567197357,0,train,train,0.2340087890625
46,46,CCN(CC)CCNC(=O)C1c2ccc(OCc3ccccc3)cc2CCN1C(=O)OC(C)(C)C,19.6,-1.292256071356476,1,train,train,0.223388671875
47,47,CC(C)(CN)CNC(=O)C1c2ccc(OCc3ccccc3)cc2CCN1C(=O)OC(C)(C)C,257.0,-2.4099331233312946,1,train,train,0.24169921875
48,48,CC(C)N(CCNC(=O)C1c2ccc(Oc3ccccc3)cc2CCN1C(=O)OC(C)(C)C)C(C)C,0.47,0.3279021420642826,1,train,train,0.215087890625
49,49,CC(C)(N)C(=O)NC(COCc1ccccc1)C(=O)N1CCC2(CC1)CC(O)c1ccccc12,1.3245,-0.1220519626332498,0,test,train,0.407470703125
50,50,CC(C)(N)C(=O)NC1CCc2ccccc2N(Cc2ccc(-c3ccccc3CNC(=O)NCCO)cc2)C1=O,1.9975,-0.300486787986029,0,train,train,0.2142333984375
51,51,CCNC(=O)NCc1ccccc1-c1ccc(CN2C(=O)C(NC(=O)C(C)(C)N)CCc3ccccc32)cc1,6.013,-0.7790912038454991,0,train,train,0.216552734375
52,52,CNC(=O)NCc1ccccc1-c1ccc(CN2C(=O)C(NC(=O)C(C)(C)N)CCc3ccccc32)cc1,1.0,-0.0,0,train,train,0.21875
53,53,CCNC(O)C1(Cc2ccccc2)CCCN(C(=O)C(Cc2c[nH]c3ccccc23)NC(=O)C(C)(C)N)C1,0.79715,0.0984599495664974,0,train,train,0.26806640625
54,54,CNC(C)(C)C/C=C/C(=O)N(C)C(Cc1ccc2ccccc2c1)C(=O)N(C)CCc1ccccc1OCCO,5.006,-0.6994908452722044,0,train,train,0.161865234375
55,55,CN(CCc1cccs1)C(=O)C(Cc1ccc(-c2ccccc2)cc1)N(C)C(=O)/C=C/CC(C)(C)N,5.006,-0.6994908452722044,0,test,train,0.204345703125
56,56,CN(CCc1ccccc1NS(C)(=O)=O)C(=O)C(Cc1ccc2ccccc2c1)N(C)C(=O)/C=C/CC(C)(C)N,18.1,-1.2576785748691846,0,train,train,0.17822265625
57,57,CN(CCc1ccccc1OCCO)C(=O)C(Cc1ccc2ccccc2c1)N(C)C(=O)/C=C/CC(C)(C)N,5.006,-0.6994908452722044,0,train,train,0.176513671875
58,58,CNC(C)(C)C/C=C/C(=O)N(C)C(Cc1ccc2ccccc2c1)C(=O)N(C)Cc1ccccc1,3.01,-0.4785664955938433,0,test,train,0.186767578125
59,59,CNC(C)(C)C/C=C/C(=O)N(C)C(Cc1ccc2ccccc2c1)C(=O)N(C)CCc1cccs1,0.79715,0.0984599495664974,0,train,train,0.1700439453125
60,60,CN(CCc1cccs1)C(=O)C(Cc1ccc2ccccc2c1)N(C)C(=O)/C=C/CC(C)(C)N,7.542999999999999,-0.877544107715944,0,train,train,0.17529296875
61,61,CNC(=O)C(Cc1ccccc1)N(C)C(=O)C(Cc1ccc2ccccc2c1)N(C)C(=O)/C=C/CC(C)(C)N,3.01,-0.4785664955938433,0,train,train,0.20654296875
62,62,CC(C)(N)C(=O)NC(COCc1ccccc1)C(=O)N1CCC2=NNC(=O)C2(Cc2ccccc2)C1,3.01,-0.4785664955938433,0,test,train,0.38818359375
63,63,CCN1N=C2CCN(C(=O)C(COCc3ccccc3)NC(=O)C(C)(C)N)CC2(Cc2ccccc2)C1=O,3.9905,-0.6010273151444854,0,train,train,0.37939453125
64,64,CC(C)(N)C(=O)NC(CCc1ccccc1)C(=O)N1CCC2(CC1)CS(=O)(=O)c1ccccc12,6.013,-0.7790912038454991,0,train,train,0.321533203125
65,65,CC(C)(N)C(=O)NC(CCc1ccccc1)C(=O)N1CCC2(CC1)CSc1ccccc12,57.27,-1.7579271831133294,1,train,train,0.333251953125
66,66,CC(C)(N)C(=O)NC(CCc1ccccc1)C(=O)N1CCC2(CCc3ccccc32)CC1,21.94,-1.3412366232386923,0,train,train,0.33740234375
67,67,CC(C)(N)C(=O)NC(COCc1ccccc1)C(=O)N1CCC2(CC1)COc1ccccc12,8.5055,-0.9296998489136992,0,train,train,0.39990234375
68,68,CC(C)(N)C(=O)NC(COCc1ccccc1)C(=O)N1CCC2(CC1)CS(=O)(=O)c1ccccc12,5.006,-0.6994908452722044,0,train,train,0.39013671875
69,69,CC(C)(N)C(=O)NC(COCc1ccccc1)C(=O)N1CCC2(CC1)C[S+](O)c1ccccc12,8.5055,-0.9296998489136992,0,train,train,0.39013671875
70,70,CC(C)(N)C(=O)NC(COCc1ccccc1)C(=O)N1CCC2(CC1)CSc1ccccc12,10.0,-1.0,0,train,train,0.405029296875
71,71,CC(C)(N)C(=O)NC(COCc1ccccc1)C(=O)N1CCC2(CCc3ccccc32)CC1,16.8,-1.2253092817258628,0,train,train,0.41015625
72,72,CC(C)(N)C(=O)NC(CCCc1ccccc1)C(=O)N1CCC2(CC1)COc1ccccc12,2.696,-0.4307198878632822,1,train,train,0.353759765625
73,73,CC(C)(N)C(=O)NC(CCCc1ccccc1)C(=O)N1CCC2(CC1)CS(=O)(=O)c1ccccc12,1.098,-0.0406023401140731,0,train,train,0.34521484375
74,74,CC(C)(N)C(=O)NC(CCCc1ccccc1)C(=O)N1CCC2(CC1)C[S+](O)c1ccccc12,2.256,-0.3533390953113046,0,train,train,0.34521484375
75,75,CC(C)(N)C(=O)NC(CCCc1ccccc1)C(=O)N1CCC2(CC1)CSc1ccccc12,4.792999999999999,-0.6806074289917878,1,train,train,0.35791015625
76,76,CC(C)(N)C(=O)NC(CCCc1ccccc1)C(=O)N1CCC2(CCc3ccccc32)CC1,10.0,-1.0,0,train,train,0.362548828125
77,77,CC(C)(N)C(=O)NC(Cc1c[nH]c2ccccc12)C(=O)N1CCC2(CC1)CS(=O)(=O)c1ccccc12,2.0945,-0.3210803646972383,0,train,train,0.2420654296875
78,78,CC(C)(N)C(=O)NC(Cc1c[nH]c2ccccc12)C(=O)N1CCC2(CC1)CSc1ccccc12,5.6115,-0.7490789672538863,0,train,train,0.25
79,79,CC(C)(N)C(=O)NC(Cc1c[nH]c2ccccc12)C(=O)N1CCC2(CCc3ccccc32)CC1,14.065,-1.1481397365012198,0,train,train,0.252685546875
80,80,COc1cccc(Cn2c(CCc3c[nH]c4ccccc34)nnc2C(Cc2c[nH]c3ccccc23)NC(=O)C(C)(C)N)c1,4.0,-0.6020599913279624,1,train,train,0.35546875
81,81,COc1cccc(Cn2c(CCCc3c[nH]c4ccccc34)nnc2C(Cc2c[nH]c3ccccc23)NC(=O)C(C)(C)N)c1,18.0,-1.255272505103306,1,test,train,0.362548828125
82,82,COc1cccc(Cn2c(CCc3ccccc3)nnc2C(Cc2c[nH]c3ccccc23)NC(=O)C(C)(C)N)c1,45.0,-1.6532125137753435,1,train,train,0.382080078125
83,83,COc1ccccc1Cn1c(CCc2ccccc2)nnc1C(Cc1c[nH]c2ccccc12)NC(=O)C(C)(C)N,98.0,-1.9912260756924949,0,test,train,0.390869140625
84,84,CC(C)(N)C(=O)NC(Cc1c[nH]c2ccccc12)c1nnc(CCc2c[nH]c3ccccc23)n1Cc1ccccc1,64.0,-1.806179973983887,0,train,train,0.39501953125
85,85,CC(C)(N)C(=O)NC(Cc1c[nH]c2ccccc12)c1nnc(CCCc2c[nH]c3ccccc23)n1Cc1ccccc1,49.0,-1.6901960800285136,0,train,train,0.40234375
86,86,CC(C)(N)C(=O)NC(Cc1c[nH]c2ccccc12)c1nnc(CCc2c[nH]c3ccccc23)n1Cc1ccc(F)cc1,210.0,-2.322219294733919,1,train,train,0.348876953125
87,87,CC(C)(N)C(=O)NC(Cc1c[nH]c2ccccc12)c1nnc(CCCc2c[nH]c3ccccc23)n1CCc1ccccc1,15.0,-1.1760912590556811,1,train,train,0.4267578125
88,88,CC(C)(N)C(=O)NC(Cc1c[nH]c2ccccc12)c1nnc(CCCc2c[nH]c3ccccc23)n1CCc1c[nH]c2ccccc12,140.0,-2.146128035678238,0,test,train,0.3779296875
89,89,Cc1ccc(Cn2c(CCCc3ccccc3)nnc2C(Cc2c[nH]c3ccccc23)NC(=O)C(C)(C)N)cc1,12.0,-1.0791812460476249,0,train,train,0.416748046875
90,90,Cc1ccc(Cn2c(CCc3c[nH]c4ccccc34)nnc2C(Cc2c[nH]c3ccccc23)NC(=O)C(C)(C)N)cc1,630.0,-2.7993405494535817,1,train,train,0.35302734375
91,91,CCc1ccc(Cn2c(CCc3ccccc3)nnc2C(Cc2c[nH]c3ccccc23)NC(=O)C(C)(C)N)cc1,11.0,-1.041392685158225,0,train,train,0.38818359375
92,92,CC(C)(N)C(=O)NC(Cc1c[nH]c2ccccc12)c1nnc(CCc2ccccc2)n1Cc1ccco1,23.0,-1.3617278360175928,0,train,train,0.370849609375
93,93,CC(C)(N)C(=O)NC(Cc1c[nH]c2ccccc12)c1nnc(CCc2c[nH]c3ccccc23)n1-c1ccccc1,41.0,-1.6127838567197357,0,test,train,0.365966796875
94,94,Cc1ccccc1-c1nc2ccc(Oc3ccc(F)cc3)cc2c(=O)n1CC1CCCNC1,6.5,-0.8129133566428556,0,train,test,0.1400146484375
95,95,CC(C)CC(N)c1cc(C(F)(F)F)ccc1N1CCN(C(=O)C(Cc2ccc(Cl)cc2)N2CCCC2=O)CC1,4100.0,-3.612783856719736,0,test,train,0.1456298828125
96,96,CC(C)CC(NCCN)c1cccc(F)c1N1CCN(C(=O)C(Cc2ccc(Cl)cc2Cl)N2CCCC2=O)CC1,79.0,-1.8976270912904407,0,train,train,0.156005859375
97,97,COC(=O)CCn1nnnc1C(COCc1ccccc1)NC(=O)C(C)(C)N,43.0,-1.6334684555795866,0,test,train,0.787109375
98,98,COC(=O)CCn1nnnc1C(Cc1c[nH]c2ccccc12)NC(=O)C(C)(C)N,200.0,-2.3010299956639813,0,train,train,0.48681640625
99,99,CCCCNC(=O)CCn1nnnc1C(CCc1ccccc1)NC(=O)C(C)(C)N,49.0,-1.6901960800285136,0,train,train,0.59130859375
100,100,CC(C)(N)C(=O)NC(COCc1ccccc1)c1nnnn1CCC(=O)NCCCc1ccccc1,59.0,-1.7708520116421442,1,train,train,0.8125
101,101,CC(C)(N)C(=O)NC(COCc1ccccc1)c1nnnn1CCC(=O)NCCc1ccccc1,27.0,-1.4313637641589874,1,train,train,0.78125
102,102,CC(C)(N)C(=O)NC(COCc1ccccc1)c1nnnn1CCC(=O)NCc1ccccc1,51.0,-1.7075701760979365,1,train,train,0.75
103,103,CCCCNC(=O)CCCn1nnnc1C(COCc1ccccc1)NC(=O)C(C)(C)N,30.0,-1.4771212547196624,1,train,train,0.74609375
104,104,CCCCNC(=O)CCn1nnnc1C(COCc1ccccc1)NC(=O)C(C)(C)N,42.0,-1.6232492903979006,1,test,train,0.7314453125
105,105,COC(=O)CCCn1nnnc1C(COCc1ccccc1)NC(=O)C(C)(C)N,55.0,-1.740362689494244,0,train,train,0.81982421875
106,106,CC(C)(N)C(=O)NC(COCc1ccccc1)c1nnn(Cc2ccccc2NS(C)(=O)=O)n1,426.0,-2.629409599102719,0,train,train,0.487060546875
107,107,CC(C)(N)C(=O)NC(COCc1ccccc1)c1nnnn1Cc1ccccc1NS(C)(=O)=O,390.0,-2.591064607026499,0,train,train,0.6572265625
108,108,CC(C)(N)C(=O)NC(COCc1ccccc1)c1nnn(Cc2cccc(NS(C)(=O)=O)c2)n1,868.0,-2.938519725176492,0,test,train,0.487060546875
109,109,CC(C)(N)C(=O)NC(COCc1ccccc1)c1nnnn1Cc1cccc(NS(C)(=O)=O)c1,116.0,-2.0644579892269186,1,train,train,0.6572265625
110,110,CC(C)(N)C(=O)NC(COCc1ccccc1)c1nnn(Cc2ccc(NS(C)(=O)=O)cc2)n1,986.0,-2.9938769149412114,0,test,train,0.493408203125
111,111,CC(C)(N)C(=O)NC(COCc1ccccc1)c1nnnn1Cc1ccc(NS(C)(=O)=O)cc1,259.0,-2.413299764081252,0,train,train,0.66650390625
112,112,CC(C)(N)C(=O)NC(COCc1ccccc1)c1nnn(Cc2ccccc2)n1,1120.0,-3.049218022670181,0,test,train,0.57568359375
113,113,CC(C)(N)C(=O)NC(COCc1ccccc1)c1nnnn1Cc1ccccc1,99.0,-1.99563519459755,0,train,train,0.79296875
114,114,CC(C)(N)C(=O)NC(COCc1ccccc1)c1nnn(C/C=C/c2ccccc2)n1,517.0,-2.7134905430939424,0,train,train,0.5205078125
115,115,CC(C)(N)C(=O)NC(COCc1ccccc1)c1nnnn1C/C=C/c1ccccc1,12.0,-1.0791812460476249,1,train,train,0.70751953125
116,116,CC(C)(N)C(=O)NC(COCc1ccccc1)c1nnnn1CCCc1ccccc1,17.0,-1.230448921378274,1,train,train,1.0
117,117,CC(C)(N)C(=O)NC(COCc1ccccc1)c1nnn(CC2Cc3ccccc3N2S(C)(=O)=O)n1,546.0,-2.7371926427047373,0,train,train,0.457763671875
118,118,CC(C)(N)C(=O)NC(COCc1ccccc1)c1nnnn1CC1CN(S(C)(=O)=O)c2ccccc21,147.0,-2.167317334748176,0,train,train,0.61328125
119,119,CC(C)(N)C(=O)NC(COCc1ccccc1)c1nnn(CCc2ccccc2NS(C)(=O)=O)n1,4110.0,-3.613841821876069,1,train,train,0.5126953125
120,120,CC(C)(N)C(=O)NC(COCc1ccccc1)c1nnnn1CCc1ccccc1NS(C)(=O)=O,67.0,-1.8260748027008264,1,train,train,0.7099609375
121,121,COC(=O)C(c1ccccc1)n1nnc(C(COCc2ccccc2)NC(=O)C(C)(C)N)n1,3170.0,-3.501059262217752,0,train,train,0.54296875
122,122,COC(=O)C(c1ccccc1)n1nnnc1C(COCc1ccccc1)NC(=O)C(C)(C)N,20.0,-1.3010299956639813,0,test,train,0.6513671875
123,123,CC(C)(N)C(=O)NC(COCc1ccccc1)c1nnn(CCc2cc3ccccc3n2S(C)(=O)=O)n1,150.0,-2.1760912590556813,1,test,train,0.5126953125
124,124,CC(C)(N)C(=O)NC(COCc1ccccc1)c1nnnn1CCc1cc2ccccc2n1S(C)(=O)=O,4.0,-0.6020599913279624,1,test,train,0.6943359375
125,125,CC(C)(N)C(=O)NC(COCc1ccccc1)c1nnn(CCCc2ccccc2NS(C)(=O)=O)n1,107.0,-2.0293837776852097,1,test,train,0.53857421875
126,126,CN(c1ccccc1CCCn1nnnc1C(COCc1ccccc1)NC(=O)C(C)(C)N)S(C)(=O)=O,14.0,-1.146128035678238,0,train,train,0.74267578125
127,127,CC(C)(N)C(=O)NC(COCc1ccccc1)c1nnnn1CCC#N,30.0,-1.4771212547196624,0,train,train,0.7744140625
128,128,CC(C)(N)C(=O)NC(COCc1ccccc1)c1nnn(CC#N)n1,1520.0,-3.1818435879447726,0,train,train,0.54296875
129,129,CC(C)(N)C(=O)NC(COCc1ccccc1)c1nnnn1CC#N,29.0,-1.462397997898956,0,train,train,0.74169921875
130,130,CC(C)(N)C(=O)NC(COCc1ccccc1)c1nnn(CCCCC#N)n1,1860.0,-3.269512944217916,0,train,train,0.5634765625
131,131,CC(C)(N)C(=O)NC(COCc1ccccc1)c1nnnn1CCCCC#N,35.0,-1.5440680443502757,0,train,train,0.81982421875
132,132,CC(C)(N)C(=O)NC(COCc1ccccc1)c1nnnn1CCCCCNC(=O)OCc1ccccc1,10.0,-1.0,0,train,train,0.78125
133,133,CC(C)(N)C(=O)NC(COCc1ccccc1)c1nnnn1CCc1nnn[nH]1,347.0,-2.5403294747908736,1,train,train,0.75390625
134,134,CC(C)(N)C(=O)NC(COCc1ccccc1)c1nnnn1CCCCCNS(C)(=O)=O,75.0,-1.8750612633917,1,test,train,0.76904296875
135,135,COc1ccc(CN2C(C(Cc3c[nH]c4ccccc34)NC(=O)C3CCCCC3)=NNC2CCc2ccccc2)cc1,390.0,-2.591064607026499,1,test,train,0.2353515625
136,136,CCc1ccc(CN2C(C(Cc3c[nH]c4ccccc34)NC(=O)C3CNCCN3)=NNC2CCc2ccccc2)cc1,143.0,-2.155336037465062,1,test,train,0.2330322265625
137,137,COc1ccc(CN2C(C(Cc3c[nH]c4ccccc34)NC(=O)C3CNCCN3)=NNC2CCc2ccccc2)c(OC)c1,19.6,-1.292256071356476,1,test,train,0.227294921875
138,138,COc1ccc(CN2C(C(Cc3c[nH]c4ccccc34)NC(=O)C3CNCCN3)=NNC2CCc2ccccc2)cc1,12.0,-1.0791812460476249,1,train,train,0.238037109375
139,139,COc1ccc(CN2C(C(Cc3c[nH]c4ccccc34)NC(=O)C3CNCCN3)=NNC2CCc2c[nH]c3ccccc23)cc1,8.7,-0.9395192526186184,1,train,train,0.20751953125
140,140,O=C(NC(Cc1c[nH]c2ccccc12)C1=NNC(CCc2ccccc2)N1Cc1ccco1)C1CCNCC1,183.0,-2.2624510897304293,1,train,train,0.22119140625
141,141,COc1ccc(N2C(C(Cc3c[nH]c4ccccc34)NC(=O)C3CCNCC3)=NNC2CCc2ccccc2)c(OC)c1,14.0,-1.146128035678238,1,train,train,0.238037109375
142,142,CCc1ccc(Cn2c(CCc3ccccc3)nnc2C(Cc2c[nH]c3ccccc23)NC(=O)C2CCNCC2)cc1,7.7,-0.8864907251724818,1,test,train,0.270751953125
143,143,CCc1ccc(-n2c(CCc3c[nH]c4ccccc34)nnc2C(Cc2c[nH]c3ccccc23)NC(=O)C2CCNCC2)cc1,15.0,-1.1760912590556811,1,train,train,0.2347412109375
144,144,O=C(NC(Cc1c[nH]c2ccccc12)c1nnc(CCc2c[nH]c3ccccc23)n1-c1ccccc1)C1CCNCC1,2.3,-0.3617278360175928,0,train,train,0.236572265625
145,145,O=C(NC(Cc1c[nH]c2ccccc12)c1nnc(CCc2c[nH]c3ccccc23)n1Cc1ccccc1)C1CCNCC1,5.4,-0.7323937598229685,1,train,train,0.260986328125
146,146,COc1ccc(CN2C(C(Cc3c[nH]c4ccccc34)NC(=O)C3CCNCC3)=NNC2CCc2ccccc2)c(OC)c1,6.1,-0.785329835010767,1,train,train,0.23583984375
147,147,COc1ccc(Cn2c(CCc3c[nH]c4ccccc34)nnc2C(Cc2c[nH]c3ccccc23)NC(=O)C2CCNCC2)c(OC)c1,0.6,0.2218487496163563,1,train,train,0.2232666015625
148,148,COc1ccc(CN2C(C(Cc3c[nH]c4ccccc34)NC(=O)C3CCNCC3)=NNC2CCc2ccccc2)cc1,1.6,-0.2041199826559248,1,train,train,0.2451171875
149,149,COc1ccc(Cn2c(CCc3ccccc3)nnc2C(Cc2c[nH]c3ccccc23)NC(=O)C2CCCNC2)cc1,36.0,-1.5563025007672873,1,test,train,0.25732421875
150,150,COc1ccc(Cn2c(CCc3c[nH]c4ccccc34)nnc2C(Cc2c[nH]c3ccccc23)NC(=O)C2CCCNC2)cc1,2.5,-0.3979400086720376,1,train,train,0.2254638671875
151,151,O=C(NC(Cc1c[nH]c2ccccc12)c1nnc(CCc2c[nH]c3ccccc23)n1Cc1ccccc1)C1CCCNC1,9.9,-0.99563519459755,1,train,train,0.2420654296875
152,152,COc1ccc(Cn2c(CCc3c[nH]c4ccccc34)nnc2C(Cc2c[nH]c3ccccc23)NC(=O)C2CCCNC2)c(OC)c1,5.3,-0.724275869600789,0,train,train,0.20556640625
153,153,COc1ccc(CN2C(C(Cc3c[nH]c4ccccc34)NC(=O)CCN)=NNC2CCc2ccccc2)cc1,256.0,-2.4082399653118496,1,train,train,0.255126953125
154,154,COc1ccc(Cn2c(CCc3ccccc3)nnc2C(Cc2c[nH]c3ccccc23)NCCN)c(OC)c1,279.0,-2.4456042032735974,0,train,train,0.22216796875
155,155,CC(C)(N)C(=O)NC(COCc1ccccc1)c1nnnn1CCOC(=O)NCCCCO,1.91,-0.2810333672477275,1,train,train,0.7099609375
156,156,CC(C)(N)C(=O)NC(COCc1ccccc1)c1nnnn1CCOC(=O)NCCCn1ccnc1,45.3,-1.656098202012832,0,test,train,0.64453125
157,157,CC(C)(N)C(=O)NC(COCc1ccccc1)c1nnnn1CCOC(=O)NCC1CCCO1,9.5,-0.9777236052888476,0,train,train,0.64013671875
158,158,CC(C)(N)C(=O)NC(COCc1ccccc1)c1nnnn1CCOC(=O)NCCc1cccc(O)c1,7.9,-0.8976270912904414,1,train,train,0.6806640625
159,159,CC(=O)NC1CCN(C(=O)OCCn2nnnc2C(COCc2ccccc2)NC(=O)C(C)(C)N)C1,3.3,-0.5185139398778874,0,train,train,0.64013671875
160,160,CC(=O)NCCCCNC(=O)OCCn1nnnc1C(COCc1ccccc1)NC(=O)C(C)(C)N,82.5,-1.916453948549925,1,test,train,0.7099609375
161,161,CC1(O)CCN(C(=O)OCCn2nnnc2C(COCc2ccccc2)NC(=O)C(C)(C)N)C1,10.1,-1.0043213737826426,0,train,train,0.65771484375
162,162,CC(C)(N)C(=O)NC(COCc1ccccc1)c1nnnn1CCOC(=O)N1CCC(O)C1,1.0,-0.0,0,train,train,0.66650390625
163,163,CN(CCCCO)C(=O)OCCn1nnnc1C(COCc1ccccc1)NC(=O)C(C)(C)N,3.8,-0.5797835966168101,0,train,train,0.71435546875
164,164,CC(C)(N)C(=O)NC(COCc1ccccc1)c1nnnn1CCOC(=O)NCCCCCO,14.6,-1.1643528557844371,1,train,train,0.7001953125
165,165,CC(C)(N)C(=O)NC(COCc1ccccc1)c1nnnn1CCOC(=O)NCCCO,5.5,-0.7403626894942439,1,test,train,0.720703125
166,166,CC(C)(N)C(=O)NC(COCc1ccccc1)c1nnnn1CCOC(=O)NCCO,3.0,-0.4771212547196624,1,test,train,0.71630859375
167,167,CC(C)CC(NC(=O)CCN(C)C)c1cc(Cl)ccc1N1CCN(C(=O)C(C)Cc2ccc(Cl)cc2)CC1,720.0,-2.8573324964312685,0,train,train,0.1632080078125
168,168,CNC(C)(C)C/C=C/C(=O)N(C)C(Cc1ccc2ccccc2c1)C(=O)N(C)CCc1ccccc1,3.01,-0.4785664955938433,0,train,train,0.20654296875
169,169,NC(=O)C(NC(=O)C(Cc1ccc2ccccc2c1)NC(=O)C(Cc1ccc2ccccc2c1)NC(=O)C1CCNCC1)c1ccccc1,0.2809,0.5514482607984219,0,test,train,0.2235107421875
170,170,O=C(NC(Cc1ccc2ccccc2c1)C(=O)NC(CO)Cc1ccc2ccccc2c1)C1CCNCC1,1.81,-0.2576785748691845,0,train,train,0.188232421875
171,171,O=C(NC(Cc1ccc2ccccc2c1)C(=O)NC(CO)Cc1c[nH]c2ccccc12)C1CCNCC1,10.0,-1.0,0,train,train,0.1771240234375
172,172,NCCCCNC(=O)C(Cc1ccc2ccccc2c1)NC(=O)C(Cc1ccc2ccccc2c1)NC(=O)C1CCNCC1,16.990000000000002,-1.2301933788690456,0,test,train,0.2159423828125
173,173,CCN(CC)CCN1C(=O)C(O)(c2ccc3ccccc3c2)c2c1cc(C(N)=O)cc2C(F)(F)F,18.1,-1.2576785748691846,0,train,train,0.153076171875
174,174,CCN(CC)CCN1C(=O)C(O)(c2ccc3ccccc3c2)c2c1cc(C#CCCC(=O)N(C)C)cc2C(F)(F)F,30.1,-1.4785664955938431,0,train,train,0.12841796875
175,175,CCN(CC)CCN1C(=O)C(O)(c2ccc3ccccc3c2)c2c1cc(C#CCCC(=O)N1CCOCC1)cc2C(F)(F)F,30.1,-1.4785664955938431,0,train,train,0.12066650390625
176,176,CCN(CC)CCN1C(=O)C(O)(c2ccc3ccccc3c2)c2c(Br)cccc21,77.31,-1.8882356732705672,0,train,train,0.11956787109375
177,177,CC(C)(N)C(=O)NC(CCCc1ccccc1)C(=O)N1CCN(c2ccccc2NS(=O)(=O)CC(=O)O)CC1,2.2955,-0.3608772971020396,0,test,train,0.34521484375
178,178,COC(=O)CS(=O)(=O)Nc1ccccc1N1CCN(C(=O)C(CCCc2ccccc2)NC(=O)C(C)(C)N)CC1,4.483499999999999,-0.6516171740949619,0,train,train,0.3447265625
179,179,CC(C)S(=O)(=O)Nc1ccccc1N1CCN(C(=O)C(CCCc2ccccc2)NC(=O)C(C)(C)N)CC1,2.809,-0.4485517392015781,0,train,train,0.34521484375
180,180,CC(C)(N)C(=O)NC(CCCc1ccccc1)C(=O)N1CCN(c2ccccc2NS(C)(=O)=O)CC1,6.305,-0.7996850909091004,0,train,train,0.353759765625
181,181,NCC(O)CNC(=O)C(Cc1cccc2ccccc12)NC(=O)CCCN1C(=O)CCSc2ccccc21,1.4975,-0.1753668310613489,0,train,train,0.1650390625
182,182,NCCNC(=O)C(Cc1cccc2ccccc12)NC(=O)CCN1C(=O)CCS(=O)(=O)c2ccccc21,8.013,-0.9037951427410352,0,train,train,0.1632080078125
183,183,CCNC(=O)C1(Cc2ccccc2)CCCN(C(=O)C(Cc2c[nH]c3ccccc23)NC(=O)C(C)(C)N)C1,0.79715,0.0984599495664974,0,test,train,0.28125
184,184,CCOc1ccc(CC(=O)N2CCc3cc(OC)c(N4CC(C)N(C)C(C)C4)cc32)cc1Cl,158.49,-2.200001865406602,0,train,test,0.141357421875
185,185,COc1cc2c(cc1N1CCNC(C)(C)C1)N(S(=O)(=O)c1ccc(-c3ccccn3)s1)CC2,15.85,-1.2000292665537704,0,train,test,0.1346435546875
186,186,COc1cc2c(cc1N1CCNCC1)N(S(=O)(=O)c1ccc(-c3ccccn3)s1)CC2,63.1,-1.8000293592441343,0,train,test,0.13134765625
187,187,COc1cc2c(cc1N1CC(C)NC(C)C1)N(S(=O)(=O)c1ccc(-c3ccon3)s1)CC2,2.512,-0.4000196350651585,1,train,test,0.11883544921875
188,188,COc1cc2c(cc1N1CC(C)NC(C)C1)N(S(=O)(=O)c1ccc(-c3ccccn3)s1)CC2,0.1585,0.7999707334462297,1,test,test,0.141357421875
189,189,COc1cc2c(cc1N1CC(C)NC(C)C1)N(S(=O)(=O)c1cccc(-c3ccccn3)c1)CC2,19.95,-1.299942900022767,1,train,test,0.1300048828125
190,190,COc1cc2c(cc1N1CC(C)NC(C)C1)N(S(=O)(=O)c1ccc(-c3ccccn3)cc1)CC2,0.1995,0.700057099977233,1,test,test,0.144287109375
191,191,COc1cc2c(cc1N1CC(C)NC(C)C1)N(S(=O)(=O)CCc1ccccc1Cl)CC2,5.012,-0.7000110623221123,0,train,test,0.12371826171875
192,192,COc1cc2c(cc1N1CC(C)NC(C)C1)N(S(=O)(=O)Cc1cccc(I)c1)CC2,31.62,-1.4999618655961902,0,train,test,0.1263427734375
193,193,COc1cc2c(cc1N1CC(C)NC(C)C1)N(S(=O)(=O)c1ccc3ccccc3c1)CC2,0.5012,0.2999889376778876,1,train,test,0.11700439453125
194,194,COc1cc2c(cc1N1CC(C)N(C)C(C)C1)N(S(=O)(=O)c1ccc3ccccc3c1)CC2,39.81,-1.599992177584098,1,train,test,0.1397705078125
195,195,COc1cc2c(cc1N1CC(C)N(C)C(C)C1)N(S(=O)(=O)c1cccc(Br)c1)CC2,125.89,-2.099991233544684,0,train,test,0.1290283203125
196,196,COc1ccc(Cn2c(CCc3ccccc3)nnc2C(NC(=O)c2ccccc2)c2c[nH]c3ccccc23)c(OC)c1,16.0,-1.2041199826559248,0,train,train,0.242431640625
197,197,Cc1noc(C)c1-c1ccccc1COCC(NC(=O)C(C)(C)N)c1nnnn1CCOC(=O)NCCCCO,1.04,-0.0170333392987803,0,train,train,0.505859375
198,198,CC(C)(N)C(=O)NC(COCc1ccccc1-c1cccnc1)c1nnnn1CCOC(=O)NCCCCO,1.18,-0.0718820073061253,0,train,train,0.52392578125
199,199,CC(C)(N)C(=O)NC(COCc1ccccc1-c1ccccc1)c1nnnn1CCOC(=O)NCCCCO,0.34,0.4685210829577448,0,train,train,0.5771484375
200,200,CC(C)(N)C(=O)NC(COCC1CCCCC1)c1nnnn1CCOC(=O)NCCCCO,1.66,-0.220108088040055,1,train,train,0.47509765625
201,201,COc1ccccc1COCC(NC(=O)C(C)(C)N)c1nnnn1CCOC(=O)NCCCCO,1.11,-0.0453229787866574,0,train,train,0.55712890625
202,202,Cc1ccccc1COCC(NC(=O)C(C)(C)N)c1nnnn1CCOC(=O)NCCCCO,0.51,0.2924298239020636,0,test,train,0.5712890625
203,203,CC(C)(N)C(=O)NC(COCc1ccccc1C#N)c1nnnn1CCOC(=O)NCCCCO,1.26,-0.1003705451175629,1,train,train,0.5498046875
204,204,CC(C)(N)C(=O)NC(COCc1ccc(OC(F)(F)F)cc1)c1nnnn1CCOC(=O)NCCCCO,33.2,-1.5211380837040362,1,train,train,0.56982421875
205,205,CC(C)(N)C(=O)NC(COCc1cccc(OC(F)(F)F)c1)c1nnnn1CCOC(=O)NCCCCO,3.1,-0.4913616938342727,1,train,train,0.56103515625
206,206,CC(C)(N)C(=O)NC(COCc1cc(C(F)(F)F)cc(C(F)(F)F)c1)c1nnnn1CCOC(=O)NCCCCO,34.0,-1.5314789170422551,0,test,train,0.54443359375
207,207,CC(C)(N)C(=O)NC(COCc1cccc(C(F)(F)F)c1)c1nnnn1CCOC(=O)NCCCCO,1.79,-0.2528530309798932,1,train,train,0.5751953125
208,208,CC(C)(N)C(=O)NC(COCc1ccccc1C(F)(F)F)c1nnnn1CCOC(=O)NCCCCO,0.72,0.1426675035687315,0,train,train,0.5498046875
209,209,CC(C)(N)C(=O)NC(COCc1cc(Cl)cc(Cl)c1)c1nnnn1CCOC(=O)NCCCCO,6.75,-0.829303772831025,1,train,train,0.55859375
210,210,CC(C)(N)C(=O)NC(COCc1cccc(Cl)c1Cl)c1nnnn1CCOC(=O)NCCCCO,0.61,0.2146701649892329,1,train,train,0.53076171875
211,211,CC(C)(N)C(=O)NC(COCc1cccc(Cl)c1)c1nnnn1CCOC(=O)NCCCCO,1.6,-0.2041199826559248,0,train,train,0.59716796875
212,212,CC(C)(N)C(=O)NC(COCc1ccc(F)cc1F)c1nnnn1CCOC(=O)NCCCCO,0.42,0.3767507096020995,1,train,train,0.51220703125
213,213,CC(C)(N)C(=O)NC(COCc1ccccc1Cl)c1nnnn1CCOC(=O)NCCCCO,0.45,0.3467874862246563,1,train,train,0.56396484375
214,214,CC(C)(N)C(=O)NC(COCc1ccccc1)c1nnn(CCC(C#N)c2ccccc2)n1,302.0,-2.4800069429571505,0,train,train,0.51318359375
215,215,CC(C)(N)C(=O)NC(COCc1ccccc1)c1nnnn1CCC(C#N)c1ccccc1,27.0,-1.4313637641589874,0,train,train,0.71630859375
216,216,CC(C)(N)C(=O)NC(COCc1ccccc1)c1nnn(CC(C#N)Cc2ccccc2)n1,2470.0,-3.392696953259666,0,train,train,0.5068359375
217,217,CC(C)(N)C(=O)NC(COCc1ccccc1)c1nnnn1CC(C#N)Cc1ccccc1,22.0,-1.3424226808222062,0,train,train,0.6865234375
218,218,COc1ccc(NS(=O)(=O)c2ccc(-c3ccccn3)s2)cc1N1CC(C)NC(C)C1,15.85,-1.2000292665537704,1,train,test,0.144287109375
219,219,COc1ccc(N2CC(C)NC(C)C2)cc1NS(=O)(=O)c1ccc(OCc2ccccc2)cc1,100.0,-2.0,1,test,test,0.184814453125
220,220,COc1ccc(N2CC(C)NC(C)C2)cc1NS(=O)(=O)c1ccc(Oc2ccccc2)cc1,63.1,-1.8000293592441343,1,test,test,0.142822265625
221,221,COc1ccc(N2CC(C)NC(C)C2)cc1NS(=O)(=O)c1cccc(-c2ccccc2)c1,158.49,-2.200001865406602,1,train,test,0.1304931640625
222,222,COc1ccc(N2CC(C)NC(C)C2)cc1NS(=O)(=O)c1cccc(-c2ccco2)c1,19.95,-1.299942900022767,1,train,test,0.111083984375
223,223,COc1ccc(N2CC(C)NC(C)C2)cc1NS(=O)(=O)c1ccc(-c2cccs2)cc1F,1.995,-0.2999429000227671,1,train,test,0.141357421875
224,224,COc1ccc(N2CC(C)NC(C)C2)cc1NS(=O)(=O)c1ccc(-c2cccs2)cc1Cl,0.7943,0.100015437450609,1,train,test,0.141357421875
225,225,COc1ccc(N2CC(C)NC(C)C2)cc1NS(=O)(=O)c1ccc(-c2ccc(C)o2)cc1,0.7943,0.100015437450609,1,test,test,0.1134033203125
226,226,COc1ccc(N2CC(C)NC(C)C2)cc1NS(=O)(=O)c1ccc(-c2ccco2)cc1,3.981,-0.599992177584098,1,train,test,0.125
227,227,COc1ccc(N2CC(C)NC(C)C2)cc1NS(=O)(=O)c1ccc(-c2cccs2)cc1,3.981,-0.599992177584098,1,train,test,0.125
228,228,COc1ccc(N2CC(C)NC(C)C2)cc1NS(=O)(=O)c1ccc(-n2cccn2)cc1,15.85,-1.2000292665537704,1,train,test,0.11700439453125
229,229,COc1ccc(N2CC(C)NC(C)C2)cc1NS(=O)(=O)c1ccc(N2CCCC2=O)cc1,39.81,-1.599992177584098,0,train,test,0.11578369140625
230,230,COc1ccc(N2CC(C)NC(C)C2)cc1NS(=O)(=O)c1ccc(-c2cncnc2)cc1,316.23,-2.500003068051693,1,train,test,0.1290283203125
231,231,COc1ccc(N2CC(C)NC(C)C2)cc1NS(=O)(=O)c1ccc(-c2ccncc2)cc1,316.23,-2.500003068051693,1,train,test,0.1182861328125
232,232,COc1ccc(N2CC(C)NC(C)C2)cc1NS(=O)(=O)c1ccc(-c2cnco2)s1,2.512,-0.4000196350651585,1,train,test,0.1199951171875
233,233,COc1ccc(N2CC(C)NC(C)C2)cc1NS(=O)(=O)c1ccc(-c2cc(Cl)ccc2F)cc1,0.5012,0.2999889376778876,1,train,test,0.10101318359375
234,234,COc1cccc(-c2ccc(S(=O)(=O)Nc3cc(N4CC(C)NC(C)C4)ccc3OC)cc2)c1,1.995,-0.2999429000227671,1,train,test,0.11456298828125
235,235,COc1ccc(F)c(-c2ccc(S(=O)(=O)Nc3cc(N4CC(C)NC(C)C4)ccc3OC)cc2)c1,0.3981,0.400007822415902,1,train,test,0.0999755859375
236,236,COc1ccc(N2CC(C)NC(C)C2)cc1NS(=O)(=O)c1ccc(-c2ccccc2)cc1,6.31,-0.8000293592441343,1,train,test,0.1461181640625
237,237,COc1ccc(N2CC(C)NC(C)C2)cc1NS(=O)(=O)c1ccc(Br)cc1,125.89,-2.099991233544684,1,train,test,0.098876953125
238,238,CC1CN(c2ccc(C(=O)N(C)C)c(NS(=O)(=O)c3ccc(-c4ccccn4)s3)c2)CC(C)N1,794.33,-2.900000965153469,0,train,test,0.1500244140625
239,239,CC(=O)c1ccc(N2CC(C)NC(C)C2)cc1NS(=O)(=O)c1ccc(-c2ccccn2)s1,39.81,-1.599992177584098,1,train,test,0.1546630859375
240,240,CC1CN(c2ccc(F)c(NS(=O)(=O)c3ccc(-c4ccccn4)s3)c2)CC(C)N1,100.0,-2.0,1,train,test,0.1353759765625
241,241,CC1CN(c2ccc(Cl)c(NS(=O)(=O)c3ccc(-c4ccccn4)s3)c2)CC(C)N1,39.81,-1.599992177584098,1,train,test,0.1353759765625
242,242,CC1CN(c2ccc(OC(C)C)c(NS(=O)(=O)c3ccc(-c4ccccn4)s3)c2)CC(C)N1,100.0,-2.0,1,train,test,0.1632080078125
243,243,CCOc1ccc(N2CC(C)NC(C)C2)cc1NS(=O)(=O)c1ccc(-c2ccccn2)s1,39.81,-1.599992177584098,1,train,test,0.153076171875
244,244,COc1ccc(N2CC(C)NC(C)C2)cc1NS(=O)(=O)c1ccc(-c2ccccn2)s1,10.0,-1.0,1,train,test,0.144287109375
245,245,CC1CN(c2cc(NS(=O)(=O)c3ccc(-c4ccccn4)s3)ccc2C#N)CC(C)N1,630.96,-2.800001827817969,1,train,test,0.1326904296875
246,246,CC1CN(c2cccc(NS(=O)(=O)c3ccc(-c4ccccn4)s3)c2)CC(C)N1,39.81,-1.599992177584098,0,test,test,0.1397705078125
247,247,CC(C)(N)C(=O)NC(COCc1ccccc1)c1nnnn1CCOc1cccc(C(=O)NCCO)c1,8.4,-0.9242792860618816,0,train,train,0.62353515625
248,248,CC(C)(N)C(=O)NC(COCc1ccccc1)c1nnnn1CCOc1ccccc1C(=O)NCCCCO,0.9,0.0457574905606751,1,train,train,0.64453125
249,249,CC(C)(N)C(=O)NC(COCc1ccccc1)c1nnnn1CCOc1cccc(C(=O)NCCCCO)c1,3.0,-0.4771212547196624,0,test,train,0.6201171875
250,250,CC(C)(N)C(=O)NC(COCc1ccccc1)c1nnnn1CCOc1ccccc1C(=O)NCCO,11.0,-1.041392685158225,1,train,train,0.6484375
251,251,CC(C)(N)C(=O)NC(COCc1ccccc1)c1nnnn1CCNC(=O)CCc1cccc(O)c1,0.64,0.1938200260161128,1,train,train,0.68994140625
252,252,CC(C)(N)C(=O)NC(COCc1ccccc1)c1nnnn1CCNC(=O)CCS(C)(=O)=O,14.7,-1.167317334748176,1,train,train,0.685546875
253,253,CC(C)(N)C(=O)NC(COCc1ccccc1)c1nnnn1CCNC(=O)CCCCO,4.4,-0.6434526764861874,1,train,train,0.720703125
254,254,CC(C)(N)C(=O)NC(COCc1ccccc1)c1nnnn1CCCC(=O)NC1CCC(O)CC1,521.0,-2.7168377232995247,0,train,train,0.71435546875
255,255,CC(C)(N)C(=O)NC(COCc1ccccc1)c1nnnn1CCCC(=O)NCCc1cccc(S(=O)(=O)CCO)c1,105.0,-2.0211892990699383,0,train,train,0.658203125
256,256,CN(CCc1cccc(S(=O)(=O)CCO)c1)C(=O)CCCn1nnnc1C(COCc1ccccc1)NC(=O)C(C)(C)N,2.9,-0.4623979978989561,0,train,train,0.64208984375
257,257,CC(C)(N)C(=O)NC(COCc1ccccc1)c1nnnn1CCCC(=O)NCCc1cccc(O)c1,0.2,0.6989700043360187,1,train,train,0.71826171875
258,258,CN(CCc1cccc(O)c1)C(=O)CCCn1nnnc1C(COCc1ccccc1)NC(=O)C(C)(C)N,3.1,-0.4913616938342727,0,test,train,0.69873046875
259,259,CC(C)(N)C(=O)NC(COCc1ccccc1)c1nnnn1CCCC(=O)NCCS(=O)(=O)CCO,0.2,0.6989700043360187,1,test,train,0.68505859375
260,260,CC(C)(N)C(=O)NC(COCc1ccccc1)c1nnnn1CCCC(=O)NCCSCCO,0.2,0.6989700043360187,1,train,train,0.7041015625
261,261,CC(C)(N)C(=O)NC(COCc1ccccc1)c1nnnn1CCCC(=O)NCCOCCO,0.7,0.1549019599857432,1,train,train,0.71435546875
262,262,CC(C)(N)C(=O)NC(COCc1ccccc1)c1nnnn1CCCC(=O)NCCCCCCO,0.6,0.2218487496163563,1,train,train,0.724609375
263,263,CC(C)(N)C(=O)NC(COCc1ccccc1)c1nnnn1CCCC(=O)NCCCCCO,1.3,-0.1139433523068367,1,train,train,0.724609375
264,264,CC(C)(N)C(=O)NC(COCc1ccccc1)c1nnnn1CCCC(=O)NCCCCO,1.8,-0.255272505103306,1,test,train,0.7353515625
265,265,CC(C)(N)C(=O)NC(COCc1ccccc1)c1nnnn1CCCC(=O)NCCCO,27.0,-1.4313637641589874,1,train,train,0.74609375
266,266,CC(C)(N)C(=O)NC(COCc1ccccc1)c1nnnn1CCCC(=O)NCCO,40.0,-1.6020599913279625,1,train,train,0.7578125
267,267,CC(C)(N)C(=O)NC(COCc1ccccc1)c1nnnn1CCCC(=O)NCCN1CCNC1=O,3.3,-0.5185139398778874,0,train,train,0.65771484375
268,268,CC(C)(N)C(=O)NC(COCc1ccccc1)c1nnnn1CCCC(=O)NCCC(=O)O,204.0,-2.3096301674258988,1,test,train,0.7578125
269,269,CCOC(=O)CCNC(=O)CCCn1nnnc1C(COCc1ccccc1)NC(=O)C(C)(C)N,140.0,-2.146128035678238,0,test,train,0.71435546875
270,270,CC(C)(N)C(=O)NC(COCc1ccccc1)c1nnnn1CCCC(=O)NCCC(N)=O,7.6,-0.8808135922807914,1,train,train,0.7578125
271,271,CC(C)(N)C(=O)NC(COCc1ccccc1)c1nnnn1CCCC(=O)NCCS(N)(=O)=O,1.4,-0.146128035678238,1,train,train,0.71435546875
272,272,CC(C)(N)C(=O)NC(COCc1ccccc1)c1nnnn1CCCC(=O)NCCS(C)(=O)=O,4.1,-0.6127838567197355,1,train,train,0.71435546875
273,273,CC(C)(N)C(=O)NC(COCc1ccccc1)c1nnnn1CCCC(=O)NCCCc1ccccc1,33.0,-1.5185139398778875,1,train,train,0.828125
274,274,CC(C)(N)C(=O)NC(COCc1ccccc1)c1nnnn1CCCC(=O)NCCc1ccccc1,23.0,-1.3617278360175928,1,train,train,0.8125
275,275,CC(C)(N)C(=O)NC(COCc1ccccc1)c1nnnn1CCCC(=O)NCc1ccccc1,32.0,-1.505149978319906,1,train,train,0.78125
276,276,CC(C)(N)C(=O)NC(COCc1ccccc1)c1nnnn1CCCC(=O)Nc1ccccc1,70.0,-1.845098040014257,1,train,train,0.78125
277,277,CC(C)(N)C(=O)NC(COCc1ccccc1)c1nnnn1CCCC(=O)NCC(F)(F)F,26.0,-1.414973347970818,1,train,train,0.74609375
278,278,CC(=O)Nc1ccc(N(CC2CCCN2)C(=O)COc2ccccc2)cc1,2000.0,-3.3010299956639813,1,train,test,0.155517578125
279,279,COc1c(-c2ccccc2)cccc1N(CC1CCCN1)C(=O)COc1ccccc1,5000.0,-3.6989700043360174,0,train,test,0.1505126953125
280,280,CC(Oc1ccccc1)C(=O)N(CC1CCCN1)c1ccccc1,440.0,-2.6434526764861874,0,train,train,0.195068359375
281,281,CC(=O)Nc1ccc(N(CC2CCCN2)C(=O)C(C)Oc2ccccc2)cc1,330.0,-2.5185139398778875,0,train,train,0.1932373046875
282,282,CC(Oc1ccccc1)C(=O)N(CC1CCCN1)c1ccc(CC#N)cc1,9000.0,-3.9542425094393248,1,train,train,0.186767578125
283,283,COc1cccc(N(CC2CCCN2)C(=O)C(C)Oc2ccccc2)c1,4000.0,-3.6020599913279625,1,train,test,0.1798095703125
284,284,CSc1cccc(N(CC2CCCN2)C(=O)C(C)Oc2ccccc2)c1,2000.0,-3.3010299956639813,1,train,train,0.1739501953125
285,285,CC(Oc1ccccc1)C(=O)N(Cc1ccccc1)CC1CCCN1,90.0,-1.9542425094393248,0,train,train,0.25
286,286,CCC(Oc1ccccc1)C(=O)N(CC1CCCN1)c1ccc(NC(C)=O)cc1,4000.0,-3.6020599913279625,0,test,train,0.186767578125
287,287,CCC(Oc1ccccc1)C(=O)N(CC1CCCN1)c1ccc(CC#N)cc1,14000.0,-4.146128035678238,1,train,train,0.1827392578125
288,288,CCC(Oc1ccccc1)C(=O)N(Cc1ccccc1)CC1CCCN1,900.0,-2.9542425094393248,1,train,train,0.231689453125
289,289,Cc1ccccc1CN(CC1CCCN1)C(=O)C(C)Oc1ccccc1,40.0,-1.6020599913279625,0,train,train,0.2093505859375
290,290,Cc1cccc(CN(CC2CCCN2)C(=O)C(C)Oc2ccccc2)c1,80.0,-1.9030899869919435,1,test,train,0.2298583984375
291,291,CC(Oc1ccccc1)C(=O)N(Cc1ccccc1Cl)CC1CCCN1,150.0,-2.1760912590556813,0,train,train,0.2069091796875
292,292,CC(Oc1ccccc1)C(=O)N(Cc1cccc(Cl)c1)CC1CCCN1,50.0,-1.6989700043360187,0,train,train,0.2298583984375
293,293,CC(Oc1ccccc1)C(=O)N(Cc1ccc(Cl)cc1)CC1CCCN1,220.0,-2.342422680822206,1,train,train,0.220947265625
294,294,CC(Oc1ccccc1Cl)C(=O)N(Cc1ccccc1)CC1CCCN1,20.0,-1.3010299956639813,1,train,train,0.220947265625
295,295,Cc1ccccc1CN(CC1CCCN1)C(=O)C(C)Oc1ccccc1Cl,140.0,-2.146128035678238,0,train,train,0.1739501953125
296,296,Cc1cccc(CN(CC2CCCN2)C(=O)C(C)Oc2ccccc2Cl)c1,90.0,-1.9542425094393248,1,train,train,0.193603515625
297,297,CC(Oc1ccccc1Cl)C(=O)N(Cc1ccccc1Cl)CC1CCCN1,260.0,-2.4149733479708178,1,train,train,0.1798095703125
298,298,CC(Oc1ccccc1Cl)C(=O)N(Cc1cccc(Cl)c1)CC1CCCN1,10.0,-1.0,1,test,train,0.19775390625
299,299,CC(Oc1ccccc1Cl)C(=O)N(Cc1ccc(Cl)cc1)CC1CCCN1,60.0,-1.7781512503836436,0,train,train,0.1888427734375
300,300,Cc1cccc(CN(CC2CCCN2)C(=O)C(C)Oc2cccc(Cl)c2)c1,120.0,-2.0791812460476247,0,train,train,0.184814453125
301,301,CC(Oc1cccc(Cl)c1)C(=O)N(Cc1ccccc1Cl)CC1CCCN1,40.0,-1.6020599913279625,0,test,train,0.1739501953125
302,302,CC(Oc1cccc(Cl)c1)C(=O)N(Cc1cccc(Cl)c1)CC1CCCN1,20.0,-1.3010299956639813,0,train,train,0.1932373046875
303,303,CC(Oc1cccc(Cl)c1)C(=O)N(Cc1ccc(Cl)cc1)CC1CCCN1,30.0,-1.4771212547196624,0,train,train,0.177734375
304,304,CC(=O)Nc1cccc(N(CC2CCCN2)C(=O)C(C)Oc2ccccc2)c1,1000.0,-3.0,1,train,train,0.186767578125
305,305,CC(Oc1ccccc1)C(=O)N(CC1CCCN1)c1ccccc1Cl,1260.0,-3.100370545117563,0,train,train,0.1839599609375
306,306,CC(Oc1ccccc1)C(=O)N(CC1CCCN1)c1cccc(Cl)c1,90.0,-1.9542425094393248,0,test,train,0.1798095703125
307,307,CC(Oc1ccccc1)C(=O)N(CC1CCCN1)c1ccc(Cl)cc1,600.0,-2.7781512503836434,1,train,train,0.1839599609375
308,308,CC(=O)Nc1cccc(N(CC2CCCN2)C(=O)C(C)Oc2ccccc2Cl)c1,200.0,-2.3010299956639813,0,train,test,0.1546630859375
309,309,CC(=O)Nc1ccc(N(CC2CCCN2)C(=O)C(C)Oc2ccccc2Cl)cc1,50.0,-1.6989700043360187,1,train,train,0.1595458984375
310,310,CC(Oc1ccccc1Cl)C(=O)N(CC1CCCN1)c1cccc(Cl)c1,250.0,-2.397940008672037,0,train,test,0.1505126953125
311,311,CC(Oc1cccc(Cl)c1)C(=O)N(CC1CCCN1)c1ccccc1,120.0,-2.0791812460476247,0,train,train,0.1685791015625
312,312,CC(=O)Nc1cccc(N(CC2CCCN2)C(=O)C(C)Oc2cccc(Cl)c2)c1,140.0,-2.146128035678238,0,train,train,0.1458740234375
313,313,CC(Oc1cccc(Cl)c1)C(=O)N(CC1CCCN1)c1ccccc1Cl,780.0,-2.8920946026904804,0,train,train,0.1522216796875
314,314,CC(Oc1cccc(Cl)c1)C(=O)N(CC1CCCN1)c1cccc(Cl)c1,40.0,-1.6020599913279625,0,train,train,0.1444091796875
315,315,CC(Oc1cccc(Cl)c1)C(=O)N(CC1CCCN1)c1ccc(Cl)cc1,120.0,-2.0791812460476247,0,train,train,0.142822265625
316,316,CCC(Oc1ccccc1)C(=O)N(CC1CCCN1)c1cccc(-c2ccccc2)c1OC,2000.0,-3.3010299956639813,0,test,test,0.16845703125
317,317,CC1CN(Cc2ccc(-c3cccnc3C(=O)N3CCC(Nc4ccc(F)cc4)CC3)cc2)CC(C)N1,100.0,-2.0,0,train,test,0.1734619140625
318,318,CC(C)(N)C(=O)NC(CCC(F)(F)c1ccccc1)c1nnnn1CCC#N,0.9,0.0457574905606751,0,train,train,0.5
319,319,CC(C)(N)C(=O)NC(CCC(F)(F)c1ccccc1)c1nnnn1CCOC(=O)NCCCCO,0.27,0.5686362358410126,0,train,train,0.4814453125
320,320,NC1CCN(C(=O)C2CCCCN2S(=O)(=O)c2ccc(Br)cc2)C1,398.11,-2.60000308662774,0,train,test,0.102294921875
321,321,NC1CCN(C(=O)C2CCCCN2S(=O)(=O)c2ccc(-c3ccco3)cc2)C1,31.62,-1.4999618655961902,1,train,test,0.1290283203125
322,322,Cc1ccc(-c2ccc(S(=O)(=O)N3CCCCC3C(=O)N3CCC(N)C3)cc2)o1,0.2512,0.5999803649348415,1,train,test,0.127685546875
323,323,NC1CCN(C(=O)C2CCCCN2S(=O)(=O)c2ccc(-c3ccco3)c(F)c2)C1,3.162,-0.4999618655961902,1,train,test,0.1099853515625
324,324,NC1CCN(C(=O)C2CCCCN2S(=O)(=O)c2ccc(NC(=O)c3ccccc3)cc2)C1,19.95,-1.299942900022767,0,test,test,0.1397705078125
325,325,NC1CCN(C(=O)C2CCCCN2S(=O)(=O)c2ccc(NC(=O)c3ccccc3F)cc2)C1,3.981,-0.599992177584098,0,test,test,0.1224365234375
326,326,COc1cccc(C(=O)Nc2ccc(S(=O)(=O)N3CCCCC3C(=O)N3CCC(N)C3)cc2)c1,1.995,-0.2999429000227671,0,train,test,0.12744140625
327,327,NC1CCN(C(=O)C2CCCCN2S(=O)(=O)c2ccc(-c3cccnc3)cc2)C1,316.23,-2.500003068051693,1,test,test,0.141357421875
328,328,NC1CCN(C(=O)C2CCCCN2S(=O)(=O)c2ccc(-c3cc(F)ccc3F)cc2)C1,1.0,-0.0,1,train,test,0.10308837890625
329,329,NC1CCN(C(=O)C2CCCCN2S(=O)(=O)c2ccc(-c3cc(Cl)ccc3Cl)cc2)C1,0.3162,0.5000381344038098,0,train,test,0.10308837890625
330,330,Cc1ccc(-c2ccc(S(=O)(=O)N3CCCC3C(=O)N3CCC(N)C3)cc2F)o1,0.3981,0.400007822415902,1,train,test,0.1099853515625
331,331,Cc1ccc(-c2ccc(S(=O)(=O)N3CCC3C(=O)N3CCC(N)C3)cc2F)o1,15.85,-1.2000292665537704,1,test,test,0.111083984375
332,332,Cc1ccc(-c2ccc(S(=O)(=O)N3CCNCC3C(=O)N3CCC(N)C3)cc2)o1,1.259,-0.1000257301078625,1,train,test,0.1224365234375
333,333,Cc1ccc(-c2ccc(S(=O)(=O)N3CCC(O)C3C(=O)N3CCC(N)C3)cc2F)o1,0.1995,0.700057099977233,0,train,test,0.1099853515625
334,334,Cc1ccc(-c2ccc(S(=O)(=O)N3CCCCC3C(=O)N3CC(C)NC(C)C3)cc2)o1,6.31,-0.8000293592441343,0,train,test,0.11578369140625
335,335,CNC1CCN(C(=O)C2CCCCN2S(=O)(=O)c2ccc(-c3ccc(C)o3)cc2)C1,10.0,-1.0,0,train,test,0.1383056640625
336,336,Cc1ccc(-c2ccc(S(=O)(=O)N3CCCCC3C(=O)N3CCCNCC3)cc2)o1,7.943,-0.899984562549391,0,train,test,0.11456298828125
337,337,Cc1ccc(-c2ccc(S(=O)(=O)N3CCCCC3C(=O)N3CC(C)NC(C)C3)cc2F)o1,2.512,-0.4000196350651585,0,train,test,0.0980224609375
338,338,CC1CN(Cc2ccc(-n3ccnc3C(=O)N3CCC(Nc4cccc(F)c4)CC3)cc2)CC(C)N1,501.19,-2.7000023971422538,0,train,test,0.144287109375
339,339,CC1(C)CCc2cc(S(=O)(=O)Nc3ccc4c(c3)CCN(Cc3cc[nH]n3)CC4)ccc2O1,630.96,-2.800001827817969,0,train,test,0.0980224609375
340,340,CC(C)Oc1ccc(S(=O)(=O)Nc2ccc3c(c2)CCN(Cc2cc[nH]n2)CC3)cc1,158.49,-2.200001865406602,1,train,test,0.1368408203125
341,341,O=S(=O)(Nc1ccc2c(c1)CCN(Cc1cc[nH]n1)CC2)c1ccc(-c2ccccc2)cc1,1584.89,-3.1999991251967965,0,train,test,0.141357421875
342,342,Cc1ccc(S(=O)(=O)Nc2ccc3c(c2)CCN(Cc2cc[nH]n2)CC3)cc1Cl,79.43,-1.899984562549391,0,train,test,0.10308837890625
343,343,CCCCc1ccc(S(=O)(=O)Nc2ccc3c(c2)CCN(Cc2cc[nH]n2)CC3)cc1,79.43,-1.899984562549391,1,train,test,0.1595458984375
344,344,CCCCc1ccc(S(=O)(=O)Nc2ccc3c(c2)CCN(Cc2cnc(C)[nH]2)CC3)cc1,19.95,-1.299942900022767,0,train,test,0.1458740234375
345,345,CCCCc1ccc(S(=O)(=O)Nc2ccc3c(c2)CCN(Cc2[nH]cnc2C)CC3)cc1,3.981,-0.599992177584098,1,train,test,0.15625
346,346,CCCCc1ccc(S(=O)(=O)Nc2ccc3c(c2)CCN(Cc2cnc[nH]2)CC3)cc1,3.981,-0.599992177584098,1,train,test,0.1458740234375
347,347,CCC(C)C1NCCOc2ccccc2CCCNC(=O)C(Cc2ccc(Cl)cc2)NC(=O)C(C)N(C)C1=O,11.666666666666666,-1.066946789630613,1,train,train,0.161865234375
348,348,CC1CNC(C2CC2)C(=O)N(C)C(C)C(=O)NC(Cc2ccc(Cl)cc2)C(=O)NCCCc2ccccc2O1,18.0,-1.255272505103306,0,train,train,0.144287109375
349,349,CC1C(=O)NC(Cc2ccc(C(F)(F)F)cc2)C(=O)NCCCc2ccccc2OCCNC(C2CC2)C(=O)N1C,6.0,-0.7781512503836436,0,train,train,0.1414794921875
350,350,Cc1ccc(CC2NC(=O)C(C)N(C)C(=O)C(C3CC3)NCCOc3ccccc3CCCNC2=O)cc1,8.2,-0.9138138523837168,0,train,train,0.1470947265625
351,351,CC1CNC(C2CCCCC2)C(=O)N(C)C(C)C(=O)NC(Cc2ccc(F)cc2)C(=O)NCCCc2ccccc2O1,49.0,-1.6901960800285136,0,train,train,0.142822265625
352,352,CCC(C)C1NCCCC/C=C/CCNC(=O)C(Cc2ccccc2)NC(=O)C(C)N(C)C1=O,310.0,-2.4913616938342726,1,train,train,0.184814453125
353,353,CC1C(=O)NC(Cc2ccc(F)cc2)C(=O)NCCCc2cccc3c2OC(CC3)CNC(C2CC2)C(=O)N1C,85.0,-1.9294189257142929,0,train,test,0.11322021484375
354,354,CC(C)CC(NC(=O)C(CC(C)C)NC(=O)C(Cc1ccc2ccccc2c1)NC(=O)C(Cc1ccccc1)NC(=O)C(Cc1c[nH]c2ccccc12)NC(=O)C(N)CCCCN)C(N)=O,9.975,-0.9989129043587858,1,train,train,0.219970703125
355,355,CC(C)CC(NC(=O)C(CC(C)C)NC(=O)C(Cc1csc2ccccc12)NC(=O)C(Cc1ccccc1)NC(=O)C(Cc1csc2ccccc12)NC(=O)C(N)CCCCN)C(N)=O,9.4,-0.9731278535996988,1,test,train,0.252685546875
356,356,CC(C)CC(NC(=O)C(CC(C)C)NC(=O)C(Cc1csc2ccccc12)NC(=O)C(Cc1ccccc1)NC(=O)C(Cc1cccc2ccccc12)NC(=O)C(N)CCCCN)C(N)=O,2.1,-0.3222192947339193,1,test,train,0.2396240234375
357,357,CCCC(NC(=O)C(Cc1cccc2ccccc12)NC(=O)C(N)CCCCN)C(=O)NC(Cc1c[nH]c2ccccc12)C(=O)NC(CC(C)C)C(=O)NC(CC(C)C)C(N)=O,498.1,-2.697316541732383,0,train,train,0.19189453125
358,358,CC(C)CC(NC(=O)C(CC(C)C)NC(=O)C(Cc1c[nH]c2ccccc12)NC(=O)C(Cc1ccc(C(C)(C)C)cc1)NC(=O)C(Cc1cccc2ccccc12)NC(=O)C(N)CCCCN)C(N)=O,124.1,-2.09377178149873,1,train,train,0.2177734375
359,359,CC(C)CC(NC(=O)C(CC(C)C)NC(=O)C(Cc1c[nH]c2ccccc12)NC(=O)C(CC1CCCCC1)NC(=O)C(Cc1cccc2ccccc12)NC(=O)C(N)CCCCN)C(N)=O,96.8,-1.9858753573083936,1,test,train,0.1922607421875
360,360,CC(C)CC(NC(=O)C(CC(C)C)NC(=O)C(Cc1c[nH]c2ccccc12)NC(=O)C(Cc1ccccc1)NC(=O)C(Cc1ccc(C(C)(C)C)cc1)NC(=O)C(N)CCCCN)C(N)=O,624.4,-2.79546289439038,1,train,train,0.25
361,361,CC(C)CC(NC(=O)C(CC(C)C)NC(=O)C(Cc1c[nH]c2ccccc12)NC(=O)C(Cc1ccccc1)NC(=O)C(Cc1ccccc1)NC(=O)C(N)CCCCN)C(N)=O,240.9,-2.3818367999983434,1,train,train,0.24169921875
362,362,CC(C)CC(NC(=O)C(CC(C)C)NC(=O)C(Cc1c[nH]c2ccccc12)NC(=O)C(Cc1ccccc1)NC(=O)C(Cc1ccc(-c2ccccc2)cc1)NC(=O)C(N)CCCCN)C(N)=O,183.7,-2.264109156305808,1,train,train,0.24462890625
363,363,CC(C)CC(NC(=O)C(CC(C)C)NC(=O)C(Cc1c[nH]c2ccccc12)NC(=O)C(Cc1ccccc1)NC(=O)C(Cc1ccc(C(=O)c2ccccc2)cc1)NC(=O)C(N)CCCCN)C(N)=O,168.6,-2.226857570288724,1,train,train,0.2244873046875
364,364,CC(C)CC(NC(=O)C(CC(C)C)NC(=O)C(Cc1c[nH]c2ccccc12)NC(=O)C(Cc1ccccc1)NC(=O)C(Cc1ccc2ccccc2c1)NC(=O)C(N)CCCCN)C(N)=O,161.3,-2.2076343673889616,1,train,train,0.219970703125
365,365,CC(C)CC(NC(=O)C(CC(C)C)NC(=O)C(Cc1c[nH]c2ccccc12)NC(=O)C(Cc1ccccc1)NC(=O)C(NC(=O)C(N)CCCCN)C(c1ccccc1)c1ccccc1)C(N)=O,13.1,-1.1172712956557642,0,train,train,0.219970703125
366,366,CC(C)CC(NC(=O)C(CC(C)C)NC(=O)C(Cc1c[nH]c2ccccc12)NC(=O)C(Cc1ccccc1)NC(=O)C(Cc1csc2ccccc12)NC(=O)C(N)CCCCN)C(N)=O,5.7,-0.7558748556724915,1,train,train,0.22998046875
367,367,CC(C)CC(NC(=O)C(CC(C)C)NC(=O)C(Cc1cccc2ccccc12)NC(=O)C(Cc1ccccc1)NC(=O)C(Cc1c[nH]c2ccccc12)NC(=O)C(N)CCCCN)C(N)=O,17.9,-1.252853030979893,1,train,train,0.2291259765625
368,368,COc1cccc(CCN(Cc2ccccc2-c2ccc(CN3CC(C)NC(C)C3)cc2)C(=O)NC2CCCCC2)c1,125.89,-2.099991233544684,0,train,test,0.180908203125
369,369,Cc1ccc(-c2ccc(S(=O)(=O)Nc3cccc(N4CC(C)NC(C)C4)n3)cc2F)o1,1.0,-0.0,1,train,test,0.1212158203125
370,370,Cc1ccc(-c2ccc(S(=O)(=O)Nc3ccnc(N4CC(C)NC(C)C4)n3)cc2F)o1,31.62,-1.4999618655961902,1,test,test,0.0980224609375
371,371,Cc1ccc(-c2ccc(S(=O)(=O)Nc3cc(N4CC(C)NC(C)C4)ccn3)cc2F)o1,19.95,-1.299942900022767,1,test,test,0.0989990234375
372,372,COc1ncc(N2CC(C)NC(C)C2)cc1NS(=O)(=O)c1ccc(-c2ccc(C)o2)c(F)c1,63.1,-1.8000293592441343,1,train,test,0.104736328125
373,373,COc1ccc(N2CC(C)NC(C)C2)nc1NS(=O)(=O)c1ccc(-c2cc(C)cs2)cc1Cl,5.012,-0.7000110623221123,1,train,test,0.1500244140625
374,374,Cc1ccc(-c2ccc(S(=O)(=O)Nc3cc(N4CC(C)NC(C)C4)c[nH]c3=O)cc2F)o1,10.0,-1.0,0,test,test,0.08740234375
375,375,COc1ccc(N2CC(C)NC(C)C2)nc1NS(=O)(=O)c1ccc(-c2ccoc2)cc1Cl,25.12,-1.4000196350651586,1,train,test,0.1300048828125
376,376,COc1ccc(NS(=O)(=O)c2sc3ccc(Cl)cc3c2C)cc1N1CC(C)NC(C)C1,31.62,-1.4999618655961902,0,train,test,0.0989990234375
377,377,COc1ccc(NS(=O)(=O)c2ccc3ccccc3c2)cc1N1CC(C)NC(C)C1,15.85,-1.2000292665537704,1,train,test,0.11956787109375
378,378,COc1ccc(NS(=O)(=O)c2cccc3ccccc23)cc1N1CC(C)NC(C)C1,31.62,-1.4999618655961902,1,train,test,0.155517578125
379,379,COc1ccc(NS(=O)(=O)/C=C/c2ccccc2)cc1N1CC(C)NC(C)C1,15.85,-1.2000292665537704,0,train,test,0.1318359375
380,380,COc1ccc(NS(=O)(=O)c2ccc(Oc3ccccc3)cc2)cc1N1CC(C)NC(C)C1,125.89,-2.099991233544684,1,train,test,0.142822265625
381,381,COc1ccc(NS(=O)(=O)c2cccc3cccnc23)cc1N1CC(C)NC(C)C1,398.11,-2.60000308662774,1,train,test,0.1505126953125
382,382,COc1ccc(NS(=O)(=O)c2ccc(Cl)c(Cl)c2)cc1N1CC(C)NC(C)C1,63.1,-1.8000293592441343,0,train,test,0.10870361328125
383,383,COc1ccc(NS(=O)(=O)c2ccc(-n3cccn3)cc2)cc1N1CC(C)NC(C)C1,6.31,-0.8000293592441343,1,train,test,0.11456298828125
384,384,COc1ccc(NS(=O)(=O)c2ccc(-c3cccs3)cc2)cc1N1CC(C)NC(C)C1,1.0,-0.0,1,test,test,0.125
385,385,COc1ccc(NS(=O)(=O)c2ccc(-c3cccc(C)n3)s2)cc1N1CC(C)NC(C)C1,0.631,0.1999706407558656,1,train,test,0.1199951171875
386,386,COc1ccc(NS(=O)(=O)c2ccc(N3CCCC3=O)cc2)cc1N1CC(C)NC(C)C1,79.43,-1.899984562549391,0,test,test,0.1134033203125
387,387,COc1ccc(N2CC(C)NC(C)C2)cc1NS(=O)(=O)c1ccc2ccccc2c1,7.943,-0.899984562549391,1,train,test,0.11956787109375
388,388,COc1ccc(N2CC(C)NC(C)C2)cc1NS(=O)(=O)c1ccc(Br)s1,125.89,-2.099991233544684,1,train,test,0.1075439453125
389,389,COc1ccc(N2CC(C)NC(C)C2)cc1NS(=O)(=O)c1ccc(-c2cccc(C)n2)cc1,10.0,-1.0,1,test,test,0.1224365234375
390,390,COc1ccc(N2CC(C)NC(C)C2)cc1NS(=O)(=O)c1ccc(-c2cccc(C)n2)s1,10.0,-1.0,1,train,test,0.1199951171875
391,391,COc1ccc(N2CC(C)NC(C)C2)cc1NS(=O)(=O)c1cccc(Cl)c1Cl,15.85,-1.2000292665537704,0,train,test,0.1318359375
392,392,COc1ccc(N2CC(C)NC(C)C2)cc1NS(=O)(=O)c1cccc2cccnc12,50.12,-1.7000110623221123,0,train,test,0.14892578125
393,393,COc1ccc(N2CC(C)NC(C)C2)cc1NS(=O)(=O)c1ccc(Cl)c(Cl)c1,50.12,-1.7000110623221123,1,test,test,0.10870361328125
394,394,COc1ccc(N2CC(C)NC(C)C2)cc1NS(=O)(=O)c1ccc(-c2cnco2)cc1,50.12,-1.7000110623221123,1,train,test,0.12371826171875
395,395,COc1ccc(N2CC(C)NC(C)C2)cc1NS(=O)(=O)c1ccc(-c2cccnc2)cc1,100.0,-2.0,1,train,test,0.1353759765625
396,396,COc1ccc(N2CC(C)NC(C)C2)cc1NS(=O)(=O)c1ccc(-c2ccsc2)cc1,5.012,-0.7000110623221123,1,test,test,0.1263427734375
397,397,COc1ccc(N2CC(C)NC(C)C2)cc1NS(=O)(=O)c1ccc(-c2cccnc2)s1,100.0,-2.0,1,test,test,0.13134765625
398,398,COc1ccc(N2CC(C)NC(C)C2)cc1NS(=O)(=O)c1ccc(-c2ccsc2)s1,5.012,-0.7000110623221123,1,train,test,0.1224365234375
399,399,COc1ccc(NS(=O)(=O)c2ccc(-c3cccc(C)n3)cc2)cc1N1CC(C)NC(C)C1,15.85,-1.2000292665537704,1,train,test,0.1224365234375
400,400,COc1ccc(N2CC(C)NC(C)C2)cc1NS(=O)(=O)c1cc2cc(Cl)ccc2s1,25.12,-1.4000196350651586,1,train,test,0.10101318359375
401,401,COc1ccc(NS(=O)(=O)c2ccc(-c3cnco3)cc2)cc1N1CC(C)NC(C)C1,39.81,-1.599992177584098,1,train,test,0.1224365234375
402,402,COc1ccc(N2CC(C)NC(C)C2)cc1NS(=O)(=O)c1cccc(Br)c1,158.49,-2.200001865406602,0,train,test,0.10870361328125
403,403,COc1cc(F)c(N2CC(C)NC(C)C2)cc1NS(=O)(=O)c1ccc(-c2cccs2)cc1,7.943,-0.899984562549391,1,train,test,0.1224365234375
404,404,COc1cc(F)c(N2CC(C)NC(C)C2)cc1NS(=O)(=O)c1ccc(-c2ccccn2)s1,19.95,-1.299942900022767,0,test,test,0.141357421875
405,405,COc1ccc(N2CC(C)NC(C)C2)cc1NS(=O)(=O)c1ccc(-c2cccs2)s1,3.981,-0.599992177584098,1,test,test,0.11224365234375
406,406,COc1ccc(N2CC(C)NC(C)C2)cc1NS(=O)(=O)c1ccc(-c2ccc(Cl)s2)cc1,12.59,-1.1000257301078626,1,train,test,0.11224365234375
407,407,CC1CN(c2cc(NS(=O)(=O)c3ccc(-c4cccs4)cc3)ccc2C#N)CC(C)N1,100.0,-2.0,1,test,test,0.1134033203125
408,408,COc1ccc(Oc2cccc(S(=O)(=O)Nc3cc(N4CC(C)NC(C)C4)ccc3OC)c2)cc1,100.0,-2.0,1,train,test,0.11456298828125
409,409,COc1ccc(N2CC(C)NC(C)C2)cc1NS(=O)(=O)c1csc2ccccc12,10.0,-1.0,0,train,test,0.1383056640625
410,410,COc1ccc(N2CC(C)NC(C)C2)cc1NS(=O)(=O)c1sc2ccc(F)cc2c1C,31.62,-1.4999618655961902,0,test,test,0.0989990234375
411,411,COc1ccc(NS(=O)(=O)c2ccc(-c3ccsc3)cc2)cc1N1CC(C)NC(C)C1,2.512,-0.4000196350651585,1,train,test,0.127685546875
412,412,COc1ccc(N2CC(C)NC(C)C2)cc1NS(=O)(=O)c1cccc(-c2cccs2)c1,15.85,-1.2000292665537704,1,train,test,0.1224365234375
413,413,COc1ccc(NS(=O)(=O)c2ccc(-c3ccsc3)s2)cc1N1CC(C)NC(C)C1,1.585,-0.2000292665537703,1,train,test,0.12371826171875
414,414,COc1ccc(NS(=O)(=O)c2ccc(-c3ccccc3)s2)cc1N1CC(C)NC(C)C1,1.0,-0.0,1,train,test,0.1383056640625
415,415,CC1CN(c2ccc(O)c(NS(=O)(=O)c3ccc(-c4ccccn4)s3)c2)CC(C)N1,25.12,-1.4000196350651586,1,train,test,0.1473388671875
416,416,COc1ccc(N2CC(C)NC(C)C2)cc1NS(=O)(=O)c1ccc2c(Cl)cccc2c1,1.585,-0.2000292665537703,1,train,test,0.10101318359375
417,417,COc1ccc(NS(=O)(=O)c2ccc(-c3cnco3)s2)cc1N1CC(C)NC(C)C1,39.81,-1.599992177584098,1,train,test,0.11883544921875
418,418,COc1ccc(N2CC(C)NC(C)C2)cc1NS(=O)(=O)c1ccc(-c2cnccc2OC)s1,31.62,-1.4999618655961902,1,train,test,0.10888671875
419,419,CCOc1ccc(N2CC(C)NC(C)C2)cc1NS(=O)(=O)c1ccc(-c2cccs2)cc1,12.59,-1.1000257301078626,1,train,test,0.1326904296875
420,420,CC1CN(c2ccc(OC(C)C)c(NS(=O)(=O)c3ccc(-c4cccs4)cc3)c2)CC(C)N1,15.85,-1.2000292665537704,1,train,test,0.144287109375
421,421,COc1ccc(NS(=O)(=O)c2ccc(Br)cc2C)cc1N1CC(C)NC(C)C1,39.81,-1.599992177584098,0,train,test,0.10638427734375
422,422,CC1CN(c2cccc(NS(=O)(=O)c3cccc4ccccc34)c2)CC(C)N1,10.0,-1.0,0,test,test,0.1529541015625
423,423,COCc1cccc(-c2ccc(S(=O)(=O)Nc3cc(N4CC(C)NC(C)C4)ccc3OC)cc2)c1,6.31,-0.8000293592441343,1,test,test,0.1578369140625
424,424,CC1CN(c2cccc(NS(=O)(=O)c3ccc4ccccc4c3)c2)CC(C)N1,15.85,-1.2000292665537704,0,train,test,0.1136474609375
425,425,CC1CN(c2cccc(NS(=O)(=O)c3cccc(Cl)c3Cl)c2)CC(C)N1,19.95,-1.299942900022767,0,train,test,0.1279296875
426,426,CC1CN(c2cccc(NS(=O)(=O)c3cc4ccccc4s3)c2)CC(C)N1,31.62,-1.4999618655961902,0,train,test,0.1221923828125
427,427,CC1CN(c2cccc(NS(=O)(=O)c3ccc(-c4cccs4)cc3)c2)CC(C)N1,6.31,-0.8000293592441343,0,train,test,0.120849609375
428,428,CC1CN(c2cccc(NS(=O)(=O)c3ccc(-c4ccc(Cl)s4)cc3)c2)CC(C)N1,25.12,-1.4000196350651586,0,train,test,0.1182861328125
429,429,COc1ccc(NS(=O)(=O)c2ccc(-c3ccccc3C)cc2)cc1N1CC(C)NC(C)C1,100.0,-2.0,1,train,test,0.1263427734375
430,430,COc1ccc(N2CC(C)NC(C)C2)cc1NS(=O)(=O)c1ccc(-c2ccoc2)cc1,7.943,-0.899984562549391,1,train,test,0.10528564453125
431,431,COc1ccc(NS(=O)(=O)c2ccc(-c3cccs3)s2)cc1N1CC(C)NC(C)C1,1.995,-0.2999429000227671,1,train,test,0.1134033203125
432,432,CC1CN(c2cccc(NS(=O)(=O)c3ccc(-n4cccn4)cc3)c2)CC(C)N1,25.12,-1.4000196350651586,1,train,test,0.10986328125
433,433,COc1ccc(NS(=O)(=O)c2ccc(Br)c(C)c2)cc1N1CC(C)NC(C)C1,39.81,-1.599992177584098,0,test,test,0.0947265625
434,434,COc1ccc(NS(=O)(=O)c2ccc(-c3cccs3)cc2F)cc1N1CC(C)NC(C)C1,2.512,-0.4000196350651585,1,train,test,0.141357421875
435,435,COc1ccc(NS(=O)(=O)c2ccc(-c3cccs3)cc2C)cc1N1CC(C)NC(C)C1,1.0,-0.0,1,train,test,0.142822265625
436,436,COc1ccc(NS(=O)(=O)c2ccc(-c3ccc(F)cc3)cc2)cc1N1CC(C)NC(C)C1,19.95,-1.299942900022767,1,test,test,0.10870361328125
437,437,COc1ccc(NS(=O)(=O)c2ccc(-c3cccc(F)c3F)cc2)cc1N1CC(C)NC(C)C1,31.62,-1.4999618655961902,1,train,test,0.111083984375
438,438,CC1CN(c2ccc(F)c(NS(=O)(=O)c3ccc(-c4cccs4)cc3)c2)CC(C)N1,5.012,-0.7000110623221123,1,train,test,0.11578369140625
439,439,COc1ccc(N2CC(C)NC(C)C2)cc1NS(=O)(=O)c1ccc(-c2cc(C)cs2)s1,1.995,-0.2999429000227671,1,test,test,0.0999755859375
440,440,COc1ccc(NS(=O)(=O)c2ccc(-c3cc(C)cs3)s2)cc1N1CC(C)NC(C)C1,0.7943,0.100015437450609,1,train,test,0.10101318359375
441,441,COc1ccc(NS(=O)(=O)c2ccc(-c3ccc(C)cc3)cc2)cc1N1CC(C)NC(C)C1,79.43,-1.899984562549391,1,train,test,0.10986328125
442,442,COc1ccc(N2CC(C)NC(C)C2)cc1NS(=O)(=O)c1ccc(-c2ccccc2C)s1,25.12,-1.4000196350651586,1,train,test,0.1224365234375
443,443,COc1ccc(NS(=O)(=O)c2ccc(-c3ccccc3C)s2)cc1N1CC(C)NC(C)C1,50.12,-1.7000110623221123,1,train,test,0.1224365234375
444,444,COc1ccc(NS(=O)(=O)c2ccc(-c3c(C)cccc3C)s2)cc1N1CC(C)NC(C)C1,25.12,-1.4000196350651586,1,test,test,0.12371826171875
445,445,COc1ccc(NS(=O)(=O)c2ccc(-c3cccc(C)c3)s2)cc1N1CC(C)NC(C)C1,3.981,-0.599992177584098,1,test,test,0.1212158203125
446,446,COc1ccc(NS(=O)(=O)c2ccc(-c3ccc(F)cc3)s2)cc1N1CC(C)NC(C)C1,100.0,-2.0,1,train,test,0.1134033203125
447,447,COc1ccc(N2CC(C)NC(C)C2)cc1NS(=O)(=O)c1ccc(-c2ccccc2Cl)s1,2.512,-0.4000196350651585,1,test,test,0.1212158203125
448,448,COc1ccc(N2CC(C)NC(C)C2)cc1NS(=O)(=O)c1ccc(-c2cccc(F)c2)s1,31.62,-1.4999618655961902,1,train,test,0.1199951171875
449,449,COc1ccc(N2CC(C)NC(C)C2)cc1NS(=O)(=O)c1ccc(-c2ccc(C)cc2)s1,31.62,-1.4999618655961902,1,train,test,0.11578369140625
450,450,Cc1ccc(N2CC(C)NC(C)C2)cc1NS(=O)(=O)c1ccc(Br)cc1,100.0,-2.0,1,test,test,0.08990478515625
451,451,COc1ccc(NS(=O)(=O)c2ccc(-c3ccoc3)s2)cc1N1CC(C)NC(C)C1,12.59,-1.1000257301078626,1,train,test,0.0999755859375
452,452,Cc1ccc(N2CC(C)NC(C)C2)cc1NS(=O)(=O)c1ccc2ccccc2c1,5.012,-0.7000110623221123,1,train,test,0.111083984375
453,453,COc1ccc(N2CC(C)NC(C)C2)cc1NS(=O)(=O)c1ccc(-c2ccc(C)s2)s1,25.12,-1.4000196350651586,1,train,test,0.11578369140625
454,454,Cc1ccc(N2CC(C)NC(C)C2)cc1NS(=O)(=O)c1cccc2ccccc12,19.95,-1.299942900022767,0,train,test,0.147705078125
455,455,Cc1ccc(N2CC(C)NC(C)C2)cc1NS(=O)(=O)c1ccc(-c2cccs2)cc1,3.981,-0.599992177584098,1,train,test,0.11700439453125
456,456,Cc1csc(-c2ccc(S(=O)(=O)Nc3cc(N4CC(C)NC(C)C4)ccc3C)cc2)c1,1.259,-0.1000257301078625,1,test,test,0.10528564453125
457,457,COc1ccc(NS(=O)(=O)c2ccc(-c3cccs3)c(F)c2)cc1N1CC(C)NC(C)C1,3.162,-0.4999618655961902,1,train,test,0.10784912109375
458,458,COc1ccc(NS(=O)(=O)c2ccc(-c3ccc(C)s3)s2)cc1N1CC(C)NC(C)C1,1.585,-0.2000292665537703,1,train,test,0.11700439453125
459,459,COc1ccc(N2CC(C)NC(C)C2)cc1NS(=O)(=O)c1ccc(-c2cc(C)cs2)cc1C,0.3981,0.400007822415902,1,train,test,0.13134765625
460,460,COc1ccc(N2CC(C)NC(C)C2)cc1NS(=O)(=O)c1ccc(-c2cccc(Cl)c2)cc1,2.512,-0.4000196350651585,1,test,test,0.1134033203125
461,461,COc1ccc(N2CC(C)NC(C)C2)cc1NS(=O)(=O)c1ccc(-c2cc(C)cs2)cc1F,0.5012,0.2999889376778876,1,train,test,0.128662109375
462,462,COc1ccc(N2CC(C)NC(C)C2)cc1NS(=O)(=O)c1ccc(-c2ccco2)cc1F,1.585,-0.2000292665537703,1,test,test,0.1300048828125
463,463,COc1ccc(N2CC(C)NC(C)C2)cc1NS(=O)(=O)c1cccc2cccc(Cl)c12,10.0,-1.0,0,train,test,0.1263427734375
464,464,COc1ccc(NS(=O)(=O)c2ccc(-c3cc(C)cs3)cc2)cc1N1CC(C)NC(C)C1,1.259,-0.1000257301078625,1,train,test,0.11224365234375
465,465,COc1ccc(NS(=O)(=O)c2ccc(-c3ccoc3)cc2)cc1N1CC(C)NC(C)C1,12.59,-1.1000257301078626,1,train,test,0.10418701171875
466,466,COc1ccc(N2CC(C)NC(C)C2)cc1NS(=O)(=O)c1ccc(-c2ccc(F)cc2F)cc1,100.0,-2.0,1,train,test,0.10101318359375
467,467,COc1ccc(N2CC(C)NC(C)C2)cc1NS(=O)(=O)c1ccc(-c2ccccc2F)cc1,19.95,-1.299942900022767,1,train,test,0.125
468,468,COc1ccc(N2CC(C)NC(C)C2)cc1NS(=O)(=O)c1ccc(-c2cccc(F)c2F)cc1,31.62,-1.4999618655961902,1,test,test,0.111083984375
469,469,COc1ccc(N2CC(C)NC(C)C2)cc1NS(=O)(=O)c1ccc(-c2cccc(C)n2)cc1F,7.943,-0.899984562549391,1,train,test,0.12744140625
470,470,COc1ccc(N2CC(C)NC(C)C2)cc1NS(=O)(=O)c1ccc(-c2cccc(C)n2)c(F)c1,79.43,-1.899984562549391,1,train,test,0.10577392578125
471,471,CC1CN(c2ccc(F)c(NS(=O)(=O)c3ccc(-c4ccccc4)cc3)c2)CC(C)N1,31.62,-1.4999618655961902,1,train,test,0.1363525390625
472,472,CC1CN(c2ccc(F)c(NS(=O)(=O)c3ccc(-c4cccs4)cc3F)c2)CC(C)N1,19.95,-1.299942900022767,1,train,test,0.1368408203125
473,473,COc1ccc(N2CC(C)NC(C)C2)cc1NS(=O)(=O)c1ccc(-c2ccco2)cc1C,1.995,-0.2999429000227671,1,train,test,0.13134765625
474,474,CC1CN(c2ccc(F)c(NS(=O)(=O)c3ccc(-c4cccs4)cc3Cl)c2)CC(C)N1,7.943,-0.899984562549391,1,train,test,0.1326904296875
475,475,Cc1cc(-c2cccs2)ccc1S(=O)(=O)Nc1cc(N2CC(C)NC(C)C2)ccc1F,19.95,-1.299942900022767,0,train,test,0.134033203125
476,476,CC1CN(c2ccc(F)c(NS(=O)(=O)c3ccc(-c4cccs4)c(F)c3)c2)CC(C)N1,10.0,-1.0,0,train,test,0.10205078125
477,477,CC1CN(c2ccc(F)c(NS(=O)(=O)c3ccc(-c4ccoc4)cc3)c2)CC(C)N1,25.12,-1.4000196350651586,1,train,test,0.0947265625
478,478,Cc1cc(-c2ccoc2)ccc1S(=O)(=O)Nc1cc(N2CC(C)NC(C)C2)ccc1F,31.62,-1.4999618655961902,0,train,test,0.10205078125
479,479,CC1CN(c2ccc(F)c(NS(=O)(=O)c3ccc(-c4ccoc4)c(F)c3)c2)CC(C)N1,15.85,-1.2000292665537704,0,train,test,0.080810546875
480,480,CC1CN(c2ccc(F)c(NS(=O)(=O)c3ccc(-c4ccoc4)cc3Cl)c2)CC(C)N1,19.95,-1.299942900022767,1,train,test,0.10101318359375
481,481,COc1ccc(N2CC(C)NC(C)C2)cc1NS(=O)(=O)c1ccc(-c2cccc(C)n2)cc1C,6.31,-0.8000293592441343,1,train,test,0.1300048828125
482,482,COc1ccc(N2CC(C)NC(C)C2)cc1NS(=O)(=O)c1cc(C)c(-c2ccccc2F)s1,63.1,-1.8000293592441343,1,train,test,0.1300048828125
483,483,COc1ccc(N2CC(C)NC(C)C2)cc1NS(=O)(=O)c1cc(C)c(-c2cccc(C)n2)s1,12.59,-1.1000257301078626,0,train,test,0.128662109375
484,484,COc1ccc(N2CC(C)NC(C)C2)cc1NS(=O)(=O)c1ccc(-c2csnn2)s1,25.12,-1.4000196350651586,1,train,test,0.1212158203125
485,485,COc1ccc(N2CC(C)NC(C)C2)cc1NS(=O)(=O)c1ccc2c(c1)CCC(C)(C)O2,31.62,-1.4999618655961902,0,train,test,0.0882568359375
486,486,COc1ccc(N2CC(C)NC(C)C2)cc1NS(=O)(=O)c1ccc(-c2ccsc2)c(C)c1,7.943,-0.899984562549391,1,train,test,0.10888671875
487,487,COc1ccc(N2CC(C)NC(C)C2)cc1NS(=O)(=O)c1ccc2c(c1)OCCN2C,79.43,-1.899984562549391,1,train,test,0.1099853515625
488,488,COc1ccc(N2CC(C)NC(C)C2)cc1NS(=O)(=O)c1ccc(-c2ccsc2)cc1C,5.012,-0.7000110623221123,1,train,test,0.1326904296875
489,489,COc1ccc(N2CC(C)NC(C)C2)cc1NS(=O)(=O)c1ccc(-c2csc(C)n2)s1,39.81,-1.599992177584098,1,train,test,0.1199951171875
490,490,COc1ccc(N2CC(C)NC(C)C2)cc1NS(=O)(=O)c1ccc(-c2nccs2)cc1,12.59,-1.1000257301078626,1,train,test,0.134033203125
491,491,COc1ccc(N2CC(C)NC(C)C2)cc1NS(=O)(=O)c1ccc(-c2ccc(C)s2)cc1F,3.981,-0.599992177584098,1,train,test,0.141357421875
492,492,COc1ccc(N2CC(C)NC(C)C2)cc1NS(=O)(=O)c1ccc(-c2ccsc2)cc1Cl,3.162,-0.4999618655961902,1,train,test,0.13134765625
493,493,COc1ccc(N2CC(C)NC(C)C2)cc1NS(=O)(=O)c1cccc(-c2ccoc2)c1,39.81,-1.599992177584098,1,test,test,0.10205078125
494,494,COc1ccc(N2CC(C)NC(C)C2)cc1NS(=O)(=O)c1cccc(-c2cc(C)cs2)c1,50.12,-1.7000110623221123,1,train,test,0.1212158203125
495,495,COc1cc(Br)ccc1S(=O)(=O)Nc1cc(N2CC(C)NC(C)C2)ccc1F,100.0,-2.0,0,train,test,0.10638427734375
496,496,Cc1cc(S(=O)(=O)Nc2cc(N3CC(C)NC(C)C3)ccc2F)ccc1Br,63.1,-1.8000293592441343,0,test,test,0.0850830078125
497,497,COc1ccc(N2CC(C)NC(C)C2)cc1NS(=O)(=O)c1ccc(-c2cccn2C)cc1,19.95,-1.299942900022767,1,test,test,0.127685546875
498,498,COc1ccc(N2CC(C)NC(C)C2)cc1NS(=O)(=O)c1ccc(-c2ccc(C)s2)c(C)c1,6.31,-0.8000293592441343,1,test,test,0.1099853515625
499,499,COc1ccc(N2CC(C)NC(C)C2)cc1NS(=O)(=O)c1ccc(-c2cnccn2)cc1,31.62,-1.4999618655961902,1,test,test,0.111083984375
500,500,COc1ccc(N2CC(C)NC(C)C2)cc1NS(=O)(=O)c1ccc(-c2ccc(C)o2)cc1Cl,0.3162,0.5000381344038098,1,train,test,0.11883544921875
501,501,COc1cc(-c2cc(C)cs2)ccc1S(=O)(=O)Nc1cccc(N2CC(C)NC(C)C2)c1,6.31,-0.8000293592441343,0,train,test,0.142822265625
502,502,COc1cc(-c2ccco2)ccc1S(=O)(=O)Nc1cccc(N2CC(C)NC(C)C2)c1,19.95,-1.299942900022767,0,train,test,0.134033203125
503,503,COc1cc(-c2cccs2)ccc1S(=O)(=O)Nc1cccc(N2CC(C)NC(C)C2)c1,19.95,-1.299942900022767,0,train,test,0.1458740234375
504,504,COc1ccc(N2CC(C)NC(C)C2)cc1NS(=O)(=O)c1ccc(-c2ccco2)cc1Cl,0.5012,0.2999889376778876,1,train,test,0.1300048828125
505,505,COc1ccc(N2CC(C)NC(C)C2)cc1NS(=O)(=O)c1ccc(-c2ccc(C)s2)c(F)c1,3.981,-0.599992177584098,1,train,test,0.10784912109375
506,506,COc1ccc(N2CC(C)NC(C)C2)cc1NS(=O)(=O)c1ccc(-c2ccco2)nc1,15.85,-1.2000292665537704,1,train,test,0.1300048828125
507,507,COc1ccc(N2CC(C)NC(C)C2)cc1NS(=O)(=O)c1ccc(-c2cccs2)nc1,50.12,-1.7000110623221123,1,train,test,0.1300048828125
508,508,CC1CN(c2ccc(Cl)c(NS(=O)(=O)c3ccc(-c4ccco4)cc3)c2)CC(C)N1,1.585,-0.2000292665537703,1,train,test,0.11578369140625
509,509,COc1ccc(N2CC(C)NC(C)C2)cc1NS(=O)(=O)c1cc(F)c(-c2ccco2)cc1F,15.85,-1.2000292665537704,1,train,test,0.1300048828125
510,510,CC1CN(c2ccc(Cl)c(NS(=O)(=O)c3ccc(-c4ccccc4F)s3)c2)CC(C)N1,10.0,-1.0,0,train,test,0.11224365234375
511,511,COc1ccc(N2CC(C)NC(C)C2)cc1NS(=O)(=O)c1ccc(-c2ccc(C)o2)nc1,7.943,-0.899984562549391,1,train,test,0.11883544921875
512,512,COc1ccc(N2CC(C)NC(C)C2)cc1NS(=O)(=O)c1ccc(-c2cc(C)cs2)nc1,10.0,-1.0,1,train,test,0.11767578125
513,513,COc1ccc(N2CC(C)NC(C)C2)cc1NS(=O)(=O)c1ccc(-c2csc(C)c2)c(F)c1,1.995,-0.2999429000227671,1,train,test,0.10784912109375
514,514,COc1ccc(N2CC(C)NC(C)C2)cc1NS(=O)(=O)c1ccc(-c2csc(C)c2)cc1F,2.512,-0.4000196350651585,1,train,test,0.13134765625
515,515,COc1ccc(N2CC(C)NC(C)C2)cc1NS(=O)(=O)c1ccc(-c2csc(C)c2)cc1,3.981,-0.599992177584098,1,train,test,0.1263427734375
516,516,COc1ccc(N2CC(C)NC(C)C2)cc1NS(=O)(=O)c1ccc(-c2ncccn2)cc1,12.59,-1.1000257301078626,1,train,test,0.1397705078125
517,517,COc1ccc(N2CC(C)NC(C)C2)cc1NS(=O)(=O)c1ccc(Cl)c2ccccc12,50.12,-1.7000110623221123,1,train,test,0.127685546875
518,518,COc1ccc(N2CC(C)NC(C)C2)cc1NS(=O)(=O)c1ccc(-c2ccc(C)o2)cn1,3.162,-0.4999618655961902,1,test,test,0.1300048828125
519,519,COc1ccc(N2CC(C)N(C)C(C)C2)cc1NS(=O)(=O)c1ccc(-c2cccs2)cc1,12.59,-1.1000257301078626,1,train,test,0.1473388671875
520,520,Cc1ccc(-c2ccc(S(=O)(=O)Nc3cc(N4CC(C)NC(C)C4)ccc3O)cc2)o1,5.012,-0.7000110623221123,1,train,test,0.11578369140625
521,521,CC1CN(c2ccc(O)c(NS(=O)(=O)c3ccc(-c4ccco4)cc3)c2)CC(C)N1,15.85,-1.2000292665537704,0,train,test,0.127685546875
522,522,Cc1ccc(-c2ccc(S(=O)(=O)Nc3cc(N4CC(C)NC(C)C4)ccc3O)cc2F)o1,3.162,-0.4999618655961902,0,test,test,0.0989990234375
523,523,CC1CN(c2ccc(O)c(NS(=O)(=O)c3ccc(-c4ccccc4F)s3)c2)CC(C)N1,6.31,-0.8000293592441343,1,test,test,0.125
524,524,CCCCCCCC(=O)OCC(NC(=O)C(CO)NC(=O)CN)C(=O)NC(Cc1ccccc1)C(N)=O,72.0,-1.8573324964312683,0,train,train,0.255859375
525,525,COc1cccc(-n2cc3nc(-c4cccnc4C)n(CC4CCCN(C(C)C)C4)c(=O)c3n2)c1,1.3,-0.1139433523068367,0,test,test,0.11712646484375
526,526,CC(C)CC(NC(=O)C(Cc1c[nH]c2ccccc12)NC(=O)C(Cc1ccccc1)NC(=O)C(Cc1cccc2ccccc12)NC(=O)C(N)CCCCN)C(=O)NC(CC(N)=O)C(N)=O,6.154999999999999,-0.7892280572673351,1,train,train,0.219970703125
527,527,CC(C)CC(NC(=O)C(Cc1c[nH]c2ccccc12)NC(=O)C(Cc1ccccc1)NC(=O)C(Cc1cccc2ccccc12)NC(=O)C(N)CCCCN)C(=O)NC(CC(N)=O)C(=O)O,194.365,-2.2886180626716794,1,train,train,0.2244873046875
528,528,CC(C)CC(NC(=O)C(Cc1c[nH]c2ccccc12)NC(=O)C(Cc1ccccc1)NC(=O)C(Cc1cccc2ccccc12)NC(=O)C(N)CCCCN)C(=O)NC(CCC(N)=O)C(=O)O,66.65,-1.823800153749878,1,train,train,0.2322998046875
529,529,CC(C)CC(NC(=O)C(CC(C)C)NC(=O)C(Cc1c[nH]c2ccccc12)NC(=O)C(Cc1ccccc1)NC(=O)C(Cc1cccc2ccccc12)NC(=O)C(CCCCN)NC(=O)CCC(=O)O)C(N)=O,30.31,-1.4815859363676225,0,train,train,0.2059326171875
530,530,CC(C)CC(NC(=O)C(CC(C)C)NC(=O)C(Cc1c[nH]c2ccccc12)NC(=O)C(Cc1ccccc1)NC(=O)C(Cc1cccc2ccccc12)NC(=O)C(CCCCN)NC(=O)C(CCCCN)NC(=O)CCC(=O)O)C(N)=O,61.650000000000006,-1.7899330809317504,0,test,train,0.2059326171875
531,531,CC(=O)NC(CCCCNC(=O)CCNC(=O)C(CC(N)=O)NC(=O)C(CC(C)C)NC(=O)C(Cc1c[nH]c2ccccc12)NC(=O)C(Cc1ccccc1)NC(=O)C(Cc1cccc2ccccc12)NC(=O)C(N)CCCCN)C(=O)NC(CC(C)C)C(=O)NC(CCCNC(=N)N)C(=O)NC(Cc1cnc[nH]1)C(=O)NC(Cc1ccc(O)cc1)C(=O)NC(CC(C)C)C(=O)NC(CC(N)=O)C(=O)NC(CC(C)C)C(=O)NC(CC(C)C)C(=O)NC(C(=O)NC(CCCNC(=N)N)C(=O)NC(CCC(N)=O)C(=O)NC(CCCNC(=N)N)C(=O)NC(Cc1ccc(O)cc1)C(N)=O)C(C)O,323.765,-2.510229898375239,0,train,train,0.18310546875
532,532,CC(=O)NC(CCCCNC(=O)CCCCCNC(=O)C(CC(N)=O)NC(=O)C(CC(C)C)NC(=O)C(Cc1c[nH]c2ccccc12)NC(=O)C(Cc1ccccc1)NC(=O)C(Cc1cccc2ccccc12)NC(=O)C(N)CCCCN)C(=O)NC(CC(C)C)C(=O)NC(CCCNC(=N)N)C(=O)NC(Cc1cnc[nH]1)C(=O)NC(Cc1ccc(O)cc1)C(=O)NC(CC(C)C)C(=O)NC(CC(N)=O)C(=O)NC(CC(C)C)C(=O)NC(CC(C)C)C(=O)NC(C(=O)NC(CCCNC(=N)N)C(=O)NC(CCC(N)=O)C(=O)NC(CCCNC(=N)N)C(=O)NC(Cc1ccc(O)cc1)C(N)=O)C(C)O,258.995,-2.4132913799369664,0,train,train,0.18310546875
533,533,CC(=O)NC(CCCCNC(=O)CCNC(=O)C(CCC(N)=O)NC(=O)C(CC(C)C)NC(=O)C(Cc1c[nH]c2ccccc12)NC(=O)C(Cc1ccccc1)NC(=O)C(Cc1cccc2ccccc12)NC(=O)C(N)CCCCN)C(=O)NC(CC(C)C)C(=O)NC(CCCNC(=N)N)C(=O)NC(Cc1cnc[nH]1)C(=O)NC(Cc1ccc(O)cc1)C(=O)NC(CC(C)C)C(=O)NC(CC(N)=O)C(=O)NC(CC(C)C)C(=O)NC(CC(C)C)C(=O)NC(C(=O)NC(CCCNC(=N)N)C(=O)NC(CCC(N)=O)C(=O)NC(CCCNC(=N)N)C(=O)NC(Cc1ccc(O)cc1)C(N)=O)C(C)O,99.95,-1.999782798454136,0,train,train,0.18310546875
534,534,CC(=O)NC(CCCCNC(=O)CCCCCNC(=O)C(CCC(N)=O)NC(=O)C(CC(C)C)NC(=O)C(Cc1c[nH]c2ccccc12)NC(=O)C(Cc1ccccc1)NC(=O)C(Cc1cccc2ccccc12)NC(=O)C(N)CCCCN)C(=O)NC(CC(C)C)C(=O)NC(CCCNC(=N)N)C(=O)NC(Cc1cnc[nH]1)C(=O)NC(Cc1ccc(O)cc1)C(=O)NC(CC(C)C)C(=O)NC(CC(N)=O)C(=O)NC(CC(C)C)C(=O)NC(CC(C)C)C(=O)NC(C(=O)NC(CCCNC(=N)N)C(=O)NC(CCC(N)=O)C(=O)NC(CCCNC(=N)N)C(=O)NC(Cc1ccc(O)cc1)C(N)=O)C(C)O,83.86500000000001,-1.923580751314354,0,train,train,0.18310546875
535,535,CC(=O)NC(CNC(=O)CCC(=O)NC(CCCCN)C(=O)NC(Cc1cccc2ccccc12)C(=O)NC(Cc1ccccc1)C(=O)NC(Cc1c[nH]c2ccccc12)C(=O)NC(CC(C)C)C(=O)NC(CC(C)C)C(N)=O)C(=O)NC(CC(C)C)C(=O)NC(CCCNC(=N)N)C(=O)NC(Cc1cnc[nH]1)C(=O)NC(Cc1ccc(O)cc1)C(=O)NC(CC(C)C)C(=O)NC(CC(N)=O)C(=O)NC(CC(C)C)C(=O)NC(CC(C)C)C(=O)NC(C(=O)NC(CCCNC(=N)N)C(=O)NC(CCC(N)=O)C(=O)NC(CCCNC(=N)N)C(=O)NC(Cc1ccc(O)cc1)C(N)=O)C(C)O,40.755,-1.610180897473572,0,train,train,0.17724609375
536,536,CC(=O)NC(CNC(=O)CCC(=O)NC(CCCCN)C(=O)NC(CCCCN)C(=O)NC(Cc1cccc2ccccc12)C(=O)NC(Cc1ccccc1)C(=O)NC(Cc1c[nH]c2ccccc12)C(=O)NC(CC(C)C)C(=O)NC(CC(C)C)C(N)=O)C(=O)NC(CC(C)C)C(=O)NC(CCCNC(=N)N)C(=O)NC(Cc1cnc[nH]1)C(=O)NC(Cc1ccc(O)cc1)C(=O)NC(CC(C)C)C(=O)NC(CC(N)=O)C(=O)NC(CC(C)C)C(=O)NC(CC(C)C)C(=O)NC(C(=O)NC(CCCNC(=N)N)C(=O)NC(CCC(N)=O)C(=O)NC(CCCNC(=N)N)C(=O)NC(Cc1ccc(O)cc1)C(N)=O)C(C)O,104.8,-2.020361282647708,0,train,train,0.17724609375
537,537,COc1ccc(Cn2c(C(Cc3c[nH]c4ccccc34)NC(=O)C(N)CCCCN)nnc2C(Cc2c[nH]c3ccccc23)NC(=O)C(CC(C)C)NC(=O)C(CC(C)C)NC(C)=O)cc1,70.0,-1.845098040014257,1,train,train,0.2451171875
538,538,COc1ccc(Cn2c(C(Cc3c[nH]c4ccccc34)NC(=O)C(N)CCCCN)nnc2C(Cc2c[nH]c3ccccc23)NC(=O)C(CC(C)C)C(=O)NC(CC(C)C)C(N)=O)cc1,170.0,-2.230448921378274,0,train,train,0.2403564453125
539,539,COC(=O)C(CC(C)C)NC(=O)C(CC(C)C)C(=O)NC(Cc1c[nH]c2ccccc12)c1nnc(C(Cc2c[nH]c3ccccc23)NC(=O)C(N)CCCCN)n1Cc1ccc(OC)cc1,82.0,-1.9138138523837167,0,train,train,0.2403564453125
540,540,COC(=O)C(CC(C)C)C(=O)NC(Cc1c[nH]c2ccccc12)c1nnc(C(Cc2c[nH]c3ccccc23)NC(=O)C(N)CCCCN)n1Cc1ccc(OC)cc1,20.0,-1.3010299956639813,0,train,train,0.2376708984375
541,541,COc1ccc(Cn2c(C(Cc3c[nH]c4ccccc34)NC(C)=O)nnc2C(Cc2c[nH]c3ccccc23)NC(=O)C(N)CCCCN)cc1,4.0,-0.6020599913279624,0,test,train,0.25
542,542,COc1ccc(Cn2c(C(Cc3c[nH]c4ccccc34)NC=O)nnc2C(Cc2c[nH]c3ccccc23)NC(=O)C(N)CCCCN)cc1,10.0,-1.0,0,train,train,0.255126953125
543,543,COc1ccc(Cn2c(C(Cc3c[nH]c4ccccc34)NC(=O)C(CC(C)C)NC(=O)C(CC(C)C)NC(C)=O)nnc2C(Cc2c[nH]c3ccccc23)NC(=O)C2CNCCO2)cc1,60.0,-1.7781512503836436,1,train,train,0.2110595703125
544,544,COc1ccc(Cn2c(C(Cc3c[nH]c4ccccc34)NC(=O)C(CC(C)C)NC(=O)C(CC(C)C)NC(C)=O)nnc2C(Cc2c[nH]c3ccccc23)NC(=O)C(C)(C)N)cc1,0.8,0.0969100130080563,1,train,train,0.333251953125
545,545,COc1ccc(Cn2c(C(Cc3c[nH]c4ccccc34)NC(=O)C3CCNCC3)nnc2C(Cc2c[nH]c3ccccc23)NC(=O)C(CC(C)C)NC(=O)C(CC(C)C)NC(C)=O)cc1,4.4,-0.6434526764861874,1,train,train,0.230712890625
546,546,COc1ccc(Cn2c(C(Cc3c[nH]c4ccccc34)NC(=O)C(CC(C)C)NC(=O)C(CC(C)C)NC(C)=O)nnc2C(Cc2c[nH]c3ccccc23)NC(=O)C(C)(C)O)cc1,74.0,-1.869231719730976,1,train,train,0.26806640625
547,547,CC(C)C1NCCOc2ccccc2CCCNC(=O)C(Cc2ccccc2)NC(=O)CN(C)C1=O,134.0,-2.127104798364808,0,train,train,0.185546875
548,548,CCC(C)C1NCCOc2ccccc2CCCNC(=O)C(Cc2ccccc2)NC(=O)C(C)NC1=O,163.0,-2.2121876044039577,1,train,train,0.1649169921875
549,549,CCCCC1NCCOc2ccccc2CCCNC(=O)C(Cc2ccccc2)NC(=O)CN(C)C1=O,104.0,-2.0170333392987803,0,test,train,0.1700439453125
550,550,CCCC1NCCOc2ccccc2CCCNC(=O)C(Cc2ccccc2)NC(=O)CN(CC)C1=O,298.0,-2.474216264076256,0,test,train,0.13720703125
551,551,CCCC1NCCOc2ccccc2CCCNC(=O)C(Cc2c[nH]c3ccccc23)NC(=O)CN(C)C1=O,1.0,-0.0,0,train,train,0.12841796875
552,552,CC(C)CC1NCCOc2ccccc2/C=C\CNC(=O)C(Cc2ccccc2)NC(=O)C2(CCCC2)NC1=O,1.0,-0.0,1,train,train,0.1553955078125
553,553,CC(C)C1NCCOc2ccccc2CCCNC(=O)C(Cc2ccccc2)NC(=O)C2(CCCC2)NC1=O,100.0,-2.0,1,train,train,0.1470947265625
554,554,CCCC1NCCOc2ccccc2/C=C\CNC(=O)C(Cc2ccccc2)NC(=O)CN(C)C1=O,100.0,-2.0,0,train,train,0.1717529296875
555,555,CCC(C)C1NCCOc2ccccc2CCCNC(=O)C(Cc2ccccc2)NC(=O)C(C)N(C)C1=O,1.0,-0.0,1,train,train,0.1817626953125
556,556,O=C1NC/C=C\c2ccccc2OCCNC2(CCCC2)C(=O)NC2(CCCC2)C(=O)NC1Cc1ccccc1,1.0,-0.0,0,test,test,0.13134765625
557,557,CC(C)CC1NCCOc2ccccc2/C=C\CNC(=O)C(Cc2ccccc2Cl)NC(=O)C2(CCCC2)NC1=O,1.0,-0.0,1,train,train,0.1273193359375
558,558,CC(C)CC1NCCOc2ccccc2/C=C\CNC(=O)C(Cc2cccc(Cl)c2)NC(=O)C2(CCCC2)NC1=O,1.0,-0.0,1,train,train,0.1351318359375
559,559,CCC(C)C1NCCOc2ccccc2CCCNC(=O)C(Cc2ccccc2Cl)NC(=O)C(C)N(C)C1=O,1.0,-0.0,1,train,train,0.1510009765625
560,560,CCC(C)C1NCCOc2ccccc2CCCNC(=O)C(Cc2ccc(F)cc2)NC(=O)C(C)N(C)C1=O,1.0,-0.0,1,train,train,0.1634521484375
561,561,CCC(C)C1NCCOc2ccccc2CCCNC(=O)C(Cc2ccc(OC)cc2)NC(=O)C(C)N(C)C1=O,1.0,-0.0,1,train,train,0.1697998046875
562,562,CCC(C)C1NCCOc2ccccc2CCCNC(=O)C(Cc2ccc(-c3ccccc3)cc2)NC(=O)C(C)N(C)C1=O,1.0,-0.0,1,test,train,0.1844482421875
563,563,CCC(C)C1NCCOc2ccccc2CCCNC(=O)C(Cc2cccc3ccccc23)NC(=O)C(C)N(C)C1=O,1.0,-0.0,1,train,train,0.1495361328125
564,564,CCC(C)C1NCCOc2ccccc2CCCNC(=O)C(Cc2ccc3ccccc3c2)NC(=O)C(C)N(C)C1=O,1.0,-0.0,1,train,train,0.158935546875
565,565,CCC(C)C1NCC(C)Oc2ccccc2CCCNC(=O)C(Cc2ccccc2)NC(=O)C(C)N(C)C1=O,1.0,-0.0,1,train,train,0.1717529296875
566,566,CCC(C)C1NCc2ccccc2CCCCCNC(=O)C(Cc2ccccc2)NC(=O)C(C)N(C)C1=O,100.0,-2.0,1,train,train,0.1649169921875
567,567,CCCC1NCCOc2ccccc2/C=C\CNC(=O)C(Cc2ccccc2)NC(=O)C(C)N(C)C1=O,100.0,-2.0,1,test,train,0.1734619140625
568,568,CCC(C)C1NCCOc2ccccc2/C=C\CNC(=O)C(Cc2ccccc2)NC(=O)C(C)N(C)C1=O,1.0,-0.0,1,train,train,0.19384765625
569,569,CC(C)CC1NCCOc2ccccc2/C=C\CNC(=O)C(CC(C)C)NC(=O)C2(CCCC2)NC1=O,1.0,-0.0,0,train,train,0.1400146484375
570,570,CC(C)CC1NCCOc2ccccc2CCCNC(=O)C(Cc2ccccc2)NC(=O)C2(CC2)NC1=O,100.0,-2.0,1,train,train,0.1485595703125
571,571,CC(C)C1NCCOc2ccccc2/C=C\CNC(=O)C(Cc2ccccc2)NC(=O)C2(CCOCC2)NC1=O,100.0,-2.0,1,train,train,0.1553955078125
572,572,CC(C)C1NCCOc2ccccc2/C=C\CNC(=O)C(Cc2ccccc2)NC(=O)C2(CCOC2)NC1=O,1.0,-0.0,1,train,test,0.15234375
573,573,CC(C)CC1NCCOc2ccccc2/C=C\CNC(=O)C(Cc2ccc(Cl)cc2)NC(=O)C2(CCCC2)NC1=O,1.0,-0.0,1,test,train,0.1375732421875
574,574,CC(C)CC1NCCOc2ccccc2/C=C\CNC(=O)C(Cc2ccc(F)cc2)NC(=O)C2(CCCC2)NC1=O,1.0,-0.0,1,train,train,0.14013671875
575,575,COc1ccc(CC2NC(=O)C3(CCCC3)NC(=O)C(CC(C)C)NCCOc3ccccc3/C=C\CNC2=O)cc1,1.0,-0.0,0,train,test,0.1455078125
576,576,CCC(C)C1NCCOc2ccccc2CCCNC(=O)C(Cc2cccnc2)NC(=O)C(C)N(C)C1=O,100.0,-2.0,1,train,train,0.1844482421875
577,577,CCC(C)C1(C)NCCOc2ccccc2CCCNC(=O)C(CC(C)C)NC(=O)C(C)N(C)C1=O,1.0,-0.0,0,train,train,0.144287109375
578,578,CCC(C)C1NCCOC/C=C\CCNC(=O)C(Cc2ccccc2)NC(=O)C(C)N(C)C1=O,100.0,-2.0,1,test,train,0.1771240234375
579,579,CCC(C)C1NCCCc2ccccc2/C=C\CCNC(=O)C(Cc2ccccc2)NC(=O)C(C)N(C)C1=O,100.0,-2.0,1,test,train,0.1837158203125
580,580,CCC(C)C1NCc2ccccc2C/C=C\CNC(=O)C(Cc2ccccc2)NC(=O)C(C)N(C)C1=O,100.0,-2.0,1,train,train,0.1666259765625
581,581,CCC(C)C1NCc2ccccc2C/C=C\CCNC(=O)C(Cc2ccccc2)NC(=O)C(C)N(C)C1=O,1.0,-0.0,1,train,train,0.1649169921875
582,582,CCC(C)C1NCCc2ccccc2CCCNC(=O)C(Cc2ccccc2)NC(=O)C(C)N(C)C1=O,100.0,-2.0,1,test,train,0.1827392578125
583,583,CC1C(=O)NC(Cc2ccc(Cl)cc2)C(=O)NCCCc2ccccc2OCCNC(C2CC2)C(=O)N1C,1.0,-0.0,0,test,train,0.1346435546875
584,584,CC1C(=O)NC(Cc2ccc(F)cc2)C(=O)NCCCc2ncccc2OCCNC(C2CC2)C(=O)N1C,1.0,-0.0,0,train,train,0.142822265625
585,585,CC1C(=O)NC(Cc2ccc(Cl)cc2Cl)C(=O)NCCCc2ccccc2OCCNC(C2CC2)C(=O)N1C,1.0,-0.0,0,train,test,0.1192626953125
586,586,CC1C(=O)NC(Cc2c(F)c(F)c(F)c(F)c2F)C(=O)NCCCc2ccccc2OCCNC(C2CC2)C(=O)N1C,1.0,-0.0,0,train,test,0.125
587,587,CC1(C)NC(=O)C2(CCCC2)NCCOc2ccccc2/C=C\CNC(=O)C(Cc2cccc(Cl)c2)NC1=O,1.0,-0.0,0,train,test,0.1192626953125
588,588,CCC(C)C1NCCOc2ccccc2/C=C\CNC(=O)C(Cc2ccc(Cl)cc2)NC(=O)C2(CCOC2)NC1=O,1.0,-0.0,0,test,train,0.142822265625
589,589,O=C1NC/C=C\c2ccccc2OCCNC(C2CC2)C(=O)NC2(CCCC2)C(=O)NC1Cc1ccc(Cl)cc1,1.0,-0.0,0,train,test,0.110107421875
590,590,CC1C(=O)NC(Cc2ccc(F)cc2)C(=O)NCC#Cc2ccccc2OCCNC(C2CC2)C(=O)N1C,1.0,-0.0,0,train,train,0.1346435546875
591,591,CCC(C)C1NCCCc2ccccc2/C=C\CNC(=O)C(Cc2cccc(Cl)c2)NC(=O)C2(CCCC2)NC1=O,1.0,-0.0,1,train,train,0.1363525390625
592,592,CC1C(=O)NC(Cc2ccc(F)cc2)C(=O)NCCCc2cc(NS(C)(=O)=O)ccc2OCCNC(C2CC2)C(=O)N1C,1.0,-0.0,0,train,test,0.1043701171875
593,593,CC1C(=O)NC(Cc2ccc(F)cc2)C(=O)NCC2CC2c2ccccc2OCCNC(C2CC2)C(=O)N1C,100.0,-2.0,0,train,train,0.144287109375
594,594,CCC(C)C1NCCOc2ccc(F)cc2CCCNC(=O)C(Cc2cccc(Cl)c2)NC(=O)C2(CCCC2)NC1=O,100.0,-2.0,1,train,train,0.112060546875
595,595,CCC(C)C1NCCOc2ccccc2C2CC2CNC(=O)C(Cc2cccc(Cl)c2)NC(=O)C2(CCCC2)NC1=O,1.0,-0.0,0,train,train,0.140380859375
596,596,CC1NC(=O)C2(CCCC2)NCCOc2ccccc2/C=C\CNC(=O)C(Cc2cccc(Cl)c2)NC1=O,1.0,-0.0,0,train,test,0.12152099609375
597,597,CCC(C)C1NCCOc2ccccc2CCCNC(=O)C(Cc2ccc(O)cc2)NC(=O)C(C)N(C)C1=O,1.0,-0.0,1,test,train,0.1844482421875
598,598,COCCNCCC(=O)NC1c2ccccc2CC1NC(=O)c1cc2ccccc2n1C,159.245,-2.2020658051737976,0,train,test,0.1666259765625
599,599,CN(C)CCC(=O)NC1c2ccccc2CC1NC(=O)c1cc2cc(F)c(F)cc2[nH]1,33.31,-1.5225746326911769,0,train,test,0.1212158203125
600,600,O=C(NC1Cc2ccccc2C1NC(=O)C1CCNC1)c1cc2cc(F)ccc2[nH]1,48.56,-1.6862786780672012,0,train,test,0.111083984375
601,601,Cn1c(C(=O)NC2Cc3ccccc3C2NC(=O)c2cnccc2N)cc2ccccc21,15.425,-1.1882251727052793,0,train,train,0.1666259765625
602,602,Nc1ccncc1C(=O)NC1c2ccccc2CC1NC(=O)c1nc2cc(F)c(F)cc2[nH]1,24.06,-1.381295623003826,0,test,test,0.11651611328125
603,603,Nc1ccncc1C(=O)NC1c2ccccc2CC1NC(=O)c1cc2c(F)cc(F)cc2[nH]1,2.756,-0.4402792132355881,0,train,test,0.1153564453125
604,604,Cn1ccc2c(F)c(C(=O)NC3Cc4ccccc4C3NC(=O)c3cnccc3N)ccc21,6.5,-0.8129133566428556,1,train,train,0.16162109375
605,605,Cc1ccc2[nH]c(C(=O)NC3Cc4ccccc4C3NC(=O)c3cnccc3N)cc2c1,13.295,-1.1236883416675858,0,train,test,0.12744140625
606,606,N#Cc1ccc2[nH]c(C(=O)NC3Cc4ccccc4C3NC(=O)c3cnccc3N)cc2c1,41.905,-1.6222658449915228,0,train,test,0.11322021484375
607,607,Nc1ccncc1C(=O)NC1c2ccccc2CC1NC(=O)c1cc2ccccc2[nH]1,25.06,-1.3989810666581313,0,train,test,0.134033203125
608,608,Cn1ccc2cc(C(=O)NC3Cc4ccccc4C3NC(=O)c3cnccc3N)c(F)cc21,130.445,-2.115427437104115,1,test,train,0.1485595703125
609,609,Cn1ccc2cc(C(=O)NC3Cc4ccccc4C3NC(=O)c3cnccc3N)cc(F)c21,7.4715,-0.8734078007880646,1,train,train,0.158447265625
610,610,Cc1ccc2[nH]c(C(=O)NC3Cc4ccccc4C3NC(=O)C3CN(C)CCO3)cc2c1,1.3295,-0.1236883416675858,1,test,test,0.125
611,611,CN1CCOC(C(=O)NC2c3ccccc3CC2NC(=O)c2ccc3c(ccn3C)c2)C1,20.475,-1.311223910432456,0,train,test,0.128662109375
612,612,Cc1ccc2[nH]c(C(=O)NC3Cc4ccccc4C3NC(=O)C3COCCN(C)C3)cc2c1,20.475,-1.311223910432456,1,test,test,0.12261962890625
613,613,Cn1ccc2cc(C(=O)NC3Cc4ccccc4C3NC(=O)C3CNCCO3)ccc21,51.06,-1.7080808104682317,0,train,test,0.128662109375
614,614,Cc1ccc2[nH]c(C(=O)NC3Cc4ccccc4C3NC(=O)C3CNCCOC3)cc2c1,131.445,-2.1187440707488934,1,train,test,0.104736328125
615,615,CN1CCCC1CC(=O)NC1c2ccccc2CC1NC(=O)c1ccc2c(ccn2C)c1,19.475,-1.289477466344602,0,test,test,0.141357421875
616,616,Cc1ccc2[nH]c(C(=O)NC3Cc4ccccc4C3C(=O)NC3CCCN(C)C3)cc2c1,0.1,1.0,1,train,test,0.12744140625
617,617,Cc1ccc2[nH]c(C(=O)NC3Cc4ccccc4C3C(=O)N(C)CCN(C)C)cc2c1,5.006,-0.6994908452722044,0,train,test,0.1212158203125
618,618,Cc1ccc2c(c1)CCC2N1CCC(N(C)C(=O)NC(C)c2ccc(O)c(Cl)c2Cl)CC1,189.0,-2.2764618041732443,0,train,train,0.1199951171875
619,619,COc1ccc(C(C)NC(=O)N(C)C2CCN(C3CCc4cc(-n5nccn5)ccc43)CC2)c(Cl)c1Cl,70.0,-1.845098040014257,0,test,test,0.130859375
620,620,COc1ccc2c(c1)CCC2N1CCC(N(C)C(=O)NC(C)c2ccc(OC)c(Cl)c2Cl)CC1,85.7,-1.932980821923198,0,test,test,0.12744140625
621,621,COc1ccc(C(C)NC(=O)N(C)C2CCN(C3CCc4cc(Cl)ccc43)CC2)c(Cl)c1Cl,40.7,-1.60959440922522,0,train,test,0.1300048828125
622,622,COc1ccc(C(C)NC(=O)N(C)C2CCN(C3CCc4cc(C)ccc43)CC2)c(Cl)c1Cl,73.0,-1.863322860120456,0,train,test,0.12744140625
623,623,Cc1ccc2c(c1)CCC2N1CCC(N(C)C(=O)NC(C)c2ccc(C#CC3CC3)c(Cl)c2Cl)CC1,117.0,-2.0681858617461617,0,test,train,0.12261962890625
624,624,CC(NC(=O)N(C)C1CCN(C2CCc3cc(-c4cncnc4)ccc32)CC1)c1ccc(C#CC2CC2)c(Cl)c1Cl,84.8,-1.9283958522567133,0,test,train,0.148193359375
625,625,CC(NC(=O)N(C)C1CCN(C2CCc3cc(-c4ncccn4)ccc32)CC1)c1ccc(C#CC2CC2)c(Cl)c1Cl,634.0,-2.8020892578817325,0,train,train,0.1573486328125
626,626,COc1ccc(C(CC2CC2)NC(=O)N(C)C2CCN(C3CCc4cc(-c5cc(C)ncn5)ccc43)CC2)c(Cl)c1Cl,439.0,-2.6424645202421213,1,train,test,0.150390625
627,627,Cc1cc(-c2ccc3c(c2)CCC3N2CCC(N(C)C(=O)NC(CC3CC3)c3cccc(Cl)c3Cl)CC2)ncn1,970.0,-2.9867717342662448,0,train,train,0.1573486328125
628,628,Cc1cc(-c2ccc3c(c2)CCC3N2CCC(N(C)C(=O)NC(CC3CC3)c3ccc(-c4cnccn4)c(Cl)c3Cl)CC2)ncn1,484.0,-2.6848453616444123,0,train,train,0.1343994140625
629,629,Cc1cc(-c2ccc3c(c2)CCC3N2CCC(N(C)C(=O)NC(c3ccc(-c4cnccn4)c(Cl)c3Cl)C(F)(F)F)CC2)ncn1,2164.0,-3.335257256434532,0,train,train,0.1270751953125
630,630,CCC(NC(=O)N(C)C1CCN(C2CCc3cc(-c4cc(C)ncn4)ccc32)CC1)c1ccc(C#CC2CC2)c(Cl)c1Cl,306.0,-2.48572142648158,0,train,train,0.149169921875
631,631,Cc1cc(-c2ccc3c(c2)CCC3N2CCC(N(C)C(=O)NC(C)c3ccc(C4CC4)c(Cl)c3Cl)CC2)ncn1,298.0,-2.474216264076256,0,train,train,0.129638671875
632,632,C#Cc1ccc(C(C)NC(=O)N(C)C2CCN(C3CCc4cc(-c5cc(C)ncn5)ccc43)CC2)c(Cl)c1Cl,10.6,-1.0253058652647702,1,train,train,0.125
633,633,Cc1cc(-c2ccc3c(c2)CCC3N2CCC(N(C)C(=O)NC(C)c3ccc(N)c(Cl)c3Cl)CC2)ncn1,121.0,-2.08278537031645,0,train,train,0.138916015625
634,634,COC(=O)c1ccc(C(C)NC(=O)N(C)C2CCN(C3CCc4cc(-c5cc(C)ncn5)ccc43)CC2)c(Cl)c1Cl,96.0,-1.9822712330395684,0,train,train,0.1351318359375
635,635,COc1ccc(C(C)NC(=O)N(C)C2CCN(C3CCc4cc(-c5cc(C)ncn5)ccc43)CC2)c(Cl)c1Cl,67.0,-1.8260748027008264,0,test,test,0.1363525390625
636,636,Cc1cc(-c2ccc3c(c2)CCC3N2CCC(N(C)C(=O)NC(C)c3ccc(-c4cnccn4)c(Cl)c3Cl)CC2)ncn1,194.0,-2.287801729930226,0,train,train,0.12066650390625
637,637,Cc1cc(-c2ccc3c(c2)CCC3N2CC3(CCN(C(=O)NC(C)c4ccc(-c5cnccn5)c(Cl)c4Cl)CC3)C2)ncn1,483.0,-2.683947130751512,0,train,train,0.128173828125
638,638,Cc1cc(-c2ccc3c(c2)CCC3N2CCC(N(C)C(=O)NC(C)c3ccc(C#CC4CC4)c(Cl)c3Cl)C(C)(C)C2)ncn1,363.0,-2.5599066250361124,0,train,train,0.125
639,639,CCN(C(=O)NC(C)c1ccc(C#CC2CC2)c(Cl)c1Cl)C1CCN(C2CCc3cc(-c4cc(C)ncn4)ccc32)CC1,937.0,-2.971739590887778,0,train,train,0.140380859375
640,640,CCCCC(N)C(=O)NC(C(=O)N1CCCC1C(=O)NC(Cc1ccccc1)C(=O)NC(Cc1c[nH]c2ccccc12)C(=O)NC(CCCNC(=N)N)C(=O)NCC(=O)NC(C(=O)NC(CO)C(=O)NC(CC(C)C)C(=O)NC(CCCNC(=N)N)C(=O)N1CCCC1C(=O)NC(C(=O)NCC(=O)NC(C)C(=O)NC(CO)C(=O)NC1CSSCC2NC(=O)C(CC(C)C)NC(=O)C(CCCNC(=N)N)NC(=O)C(C(C)O)NC(=O)C(C(C)O)NC(=O)C(CSSCC(C(=O)NC(CO)C(=O)NC(CC(C)C)C(=O)NC(CO)C(=O)NC(C(=O)NC(C)C(=O)NC(CCC(N)=O)C(=O)NC(CCC(=O)O)C(=O)O)C(C)C)NC(=O)C(CCCNC(=N)N)NC(=O)C(CCCNC(=N)N)NC(=O)C(CCCCN)NC(=O)C(CCCNC(=N)N)NC2=O)NC(=O)C(CCC(=O)O)NC(=O)C(CO)NC(=O)C(CC(=O)O)NC(=O)C(CC(=O)O)NC(=O)C(CCCNC(=N)N)NC1=O)C(C)CC)C(C)C)C(C)O,22.36666666666667,-1.3496012654493297,0,train,train,0.15234375
641,641,CCCCCCCC(=O)OCC(NC(=O)C(CO)NC(=O)CN)C(=O)NC(Cc1ccccc1)C(=O)NC(CC(C)C)C(=O)NC(CO)C(=O)N1CCCC1C(=O)NC(CCC(=O)O)C(=O)NC(Cc1cnc[nH]1)C(=O)NC(CCC(N)=O)C(=O)NC(CCCNC(=N)N)C(=O)NC(C(=O)NC(CCC(N)=O)C(=O)NC(CCC(N)=O)C(=O)NC(CCCNC(=N)N)C(=O)NC(CCCCN)C(=O)NC(CCC(=O)O)C(=O)NC(CO)C(=O)NC(CCCCN)C(=O)NC(CCCCN)C(=O)N1CCCC1C(=O)N1CCCC1C(=O)NC(C)C(=O)NC(CCCCN)C(=O)NC(CC(C)C)C(=O)NC(CCC(N)=O)C(=O)N1CCCC1C(=O)NC(CCCNC(=N)N)C(=O)O)C(C)C,1.51,-0.1789769472931694,0,train,train,0.1866455078125
642,642,CCCCC(N)C(=O)NC(C(=O)N1CCCC1C(=O)NC(Cc1ccccc1)C(=O)NC(Cc1c[nH]c2ccccc12)C(=O)NC(CCCNC(=N)N)C(=O)NCC(=O)NC(C(=O)NC(CO)C(=O)NC(CC(C)C)C(=O)NC(CCCNC(=N)N)C(=O)N1CCCC1C(=O)NC(C(=O)NCC(N)=O)C(C)CC)C(C)C)C(C)O,48.0,-1.6812412373755872,0,test,train,0.190185546875
643,643,CCCCC(N)C(=O)NC(C(=O)N1CCCC1C(=O)NC(Cc1ccccc1)C(=O)NC(Cc1c[nH]c2ccccc12)C(=O)NC(CCCNC(=N)N)C(=O)NCC(=O)NC(C(=O)NC(CO)C(=O)NC(CC(C)C)C(=O)NC(CCCNC(=N)N)C(=O)N1CCCC1C(N)=O)C(C)C)C(C)O,46.0,-1.662757831681574,0,train,train,0.191162109375
644,644,CCCCC(N)C(=O)NC(C(=O)N1CCCC1C(=O)NC(Cc1ccccc1)C(=O)NC(Cc1c[nH]c2ccccc12)C(=O)NC(CCCNC(=N)N)C(=O)NCC(=O)NC(C(=O)NC(CO)C(=O)NC(CC(C)C)C(N)=O)C(C)C)C(C)O,134.0,-2.127104798364808,0,train,train,0.1939697265625
645,645,CCCCC(N)C(=O)NC(C(=O)N1CCCC1C(=O)NC(Cc1ccccc1)C(=O)NC(Cc1c[nH]c2ccccc12)C(=O)NC(CCCNC(=N)N)C(=O)NCC(=O)NC(C(N)=O)C(C)C)C(C)O,368.0,-2.5658478186735176,0,train,train,0.2080078125
646,646,CCCCC(N)C(=O)NC(C(=O)N1CCCC1C(=O)NC(Cc1ccccc1)C(=O)NC(Cc1c[nH]c2ccccc12)C(=O)NC(CCCNC(=N)N)C(N)=O)C(C)O,6633.0,-3.821709997298377,0,train,train,0.22412109375
647,647,CC(C)CC(NC(=O)C(CC(C)C)NC(=O)C(Cc1c[nH]c2ccccc12)NC(=O)C(Cc1ccccc1)NC(=O)C(Cc1c[nH]c2ccccc12)NC(=O)C(CCC(N)=O)NC(=O)C(Cc1ccccc1)NC(=O)C1CCCN1C(=O)C(CCCCN)NC(=O)C1CCCN1C(=O)C(N)CCCNC(=N)N)C(N)=O,98.7,-1.9943171526696368,0,test,train,0.19677734375
648,648,Cc1ccc2[nH]c(C(=O)NC3CN(S(=O)(=O)c4ccccc4)CCC3C(=O)NCCN(C)C)cc2c1,316.115,-2.499845104073265,1,train,test,0.132080078125
649,649,Cc1ccc2[nH]c(C(=O)NC3CN(S(=O)(=O)c4cccnc4)CC3C(=O)NCCN(C)C)cc2c1,1.035,-0.0149403497929365,1,train,test,0.11712646484375
650,650,Cc1ccc2[nH]c(C(=O)NC3CN(S(=O)(=O)c4ccnnc4)CC3C(=O)NCCN(C)C)cc2c1,5.010999999999999,-0.6999244027424767,1,train,test,0.10906982421875
651,651,Cc1ccc2[nH]c(C(=O)NC3CN(S(=O)(=O)c4cnccn4)CC3C(=O)NCCN(C)C)cc2c1,2.0175,-0.304813543394108,1,test,test,0.10809326171875
652,652,Cc1ccc2[nH]c(C(=O)NC3CN(S(=O)(=O)c4ccnc(C)c4)CC3C(=O)NCCN(C)C)cc2c1,1.5275,-0.1839812189145918,1,train,test,0.10809326171875
653,653,Cc1ccc2[nH]c(C(=O)NC3CN(S(=O)(=O)c4cn(C)nc4C)CC3C(=O)NCCN(C)C)cc2c1,3.016,-0.4794313371977364,1,train,test,0.1273193359375
654,654,Cc1ccc2[nH]c(C(=O)NC3CN(S(=O)(=O)C4CCOCC4)CC3C(=O)NCCN(C)C)cc2c1,8.1065,-0.9088333870375658,1,train,test,0.10186767578125
655,655,Cc1ccc2[nH]c(C(=O)NC3CCN(S(=O)(=O)c4cccnc4)CC3C(=O)NCCN(C)C)cc2c1,2.0125,-0.3037358890399061,1,train,test,0.114013671875
656,656,Cc1ccc2[nH]c(C(=O)NC3CCN(S(=O)(=O)C4CC4)CC3C(=O)NCCN(C)C)cc2c1,7.781499999999999,-0.8910633217880531,0,test,test,0.103759765625
657,657,Cc1ccc2[nH]c(C(=O)NC3CCN(S(=O)(=O)N4CCCCC4)CC3C(=O)NCCN(C)C)cc2c1,3.126,-0.4949889736831681,0,train,test,0.10186767578125
658,658,Cc1ccc2[nH]c(C(=O)NC3CCN(S(=O)(=O)N4CCOCC4)CC3C(=O)NCCN(C)C)cc2c1,8.3615,-0.9222841941001536,0,train,test,0.0999755859375
659,659,Cc1ccc2[nH]c(C(=O)NC3CCN(S(=O)(=O)N(C)C)CC3C(=O)NCCN(C)C)cc2c1,10.08,-1.0034605321095065,0,train,test,0.1142578125
660,660,Cc1ccc2[nH]c(C(=O)NC3CCN(C(=O)c4cccnc4)CC3C(=O)NCCN(C)C)cc2c1,201.765,-2.3048458317463703,1,train,test,0.11712646484375
661,661,Cc1ccc2[nH]c(C(=O)NC3CN(S(=O)(=O)c4ccccc4)CC3C(=O)NCC3CCCN3)cc2c1,0.959,0.0181813928293364,1,train,test,0.130859375
662,662,Cc1ccc2[nH]c(C(=O)NC3CCN(S(=O)(=O)c4ccccc4Cl)CC3C(=O)NC3CCCN(C)C3)cc2c1,0.15175,0.8188713002527048,0,train,test,0.1375732421875
663,663,Cc1ccc2[nH]c(C(=O)NC3CCN(S(=O)(=O)c4ccccc4Cl)CC3C(=O)NC3CCCNC3)cc2c1,0.20475,0.688776089567544,1,train,test,0.1375732421875
664,664,O=C(NC1CN(S(=O)(=O)c2ccccc2)CC1C(=O)NC1CCCNC1)c1cc(-c2ccccc2)on1,4.901,-0.6902847025126296,1,train,test,0.16162109375
665,665,Cc1nc(-c2cccc(C(F)(F)F)c2)sc1C(=O)NC1CN(S(=O)(=O)c2ccccc2)CC1C(=O)NC1CCCNC1,7.5215,-0.8763044598417189,0,train,test,0.1517333984375
666,666,O=C(NC1CN(S(=O)(=O)c2ccccc2)CC1C(=O)NC1CCCNC1)c1nnc(-c2ccc(F)cc2)s1,10.4,-1.0170333392987805,1,train,test,0.17822265625
667,667,Cc1oc(-c2ccc(Cl)cc2)nc1C(=O)NC1CN(S(=O)(=O)c2ccccc2)CC1C(=O)NC1CCCNC1,2.661,-0.4250448745513888,0,train,test,0.161865234375
668,668,Cc1oc(-c2ccc(C(F)(F)F)cc2)nc1C(=O)NC1CN(S(=O)(=O)c2ccccc2)CC1C(=O)NC1CCCNC1,4.1605,-0.6191455263460416,0,train,test,0.168212890625
669,669,O=C(NC1CN(S(=O)(=O)c2ccccc2)CC1C(=O)NC1CCCNC1)c1cc(-c2ccc(Cl)cc2)on1,1.9425,-0.2883610274729518,0,test,test,0.1650390625
670,670,O=C(NC1CN(S(=O)(=O)c2ccccc2)CC1C(=O)NC1CCCNC1)c1cc(-c2ccccc2Cl)on1,0.42005,0.3766990109553028,1,train,test,0.15234375
671,671,O=C(NC1CN(S(=O)(=O)c2ccccc2)CC1C(=O)NC1CCCNC1)c1cc(-c2ccc(Cl)cc2Cl)on1,0.2430999999999999,0.6142150411566645,1,train,test,0.148193359375
672,672,O=C(NC1CN(S(=O)(=O)c2ccccc2)CC1C(=O)NC1CCCNC1)c1ccc(-c2cc(C(F)(F)F)ccc2Cl)o1,13.255,-1.1223797320691122,0,train,test,0.142822265625
673,673,Cc1oc(-c2ccccc2Cl)nc1C(=O)NC1CN(S(=O)(=O)c2ccccc2)CC1C(=O)NC1CCCNC1,0.5221,0.2822463067892843,0,test,test,0.148193359375
674,674,Cc1ccc2[nH]c(C(=O)NC3CN(S(=O)(=O)c4ccccc4)CC3(C)C(=O)NC3CCCNC3)cc2c1,25.46,-1.4058583993176366,1,train,test,0.129638671875
675,675,O=C(NC1CN(S(=O)(=O)c2ccccc2)CC1C(=O)N1CC2CCNCC21)c1cc(-c2ccccc2Cl)on1,2.3760000000000003,-0.375846436309156,0,train,test,0.1495361328125
676,676,O=C(NC1CN(S(=O)(=O)c2ccccc2)CC1C(=O)NCC1CCCN1)c1cc(-c2ccccc2Cl)on1,0.905,0.0433514207947966,0,test,test,0.1495361328125
677,677,CN(C(=O)c1cc(-c2ccccc2Cl)on1)C1CN(S(=O)(=O)c2ccccc2)CC1C(=O)NC1CCCNC1,1.045,-0.0191162904470727,0,train,test,0.160400390625
678,678,CN(C(=O)C1CN(S(=O)(=O)c2ccccc2)CC1NC(=O)c1cc(-c2ccccc2Cl)on1)C1CCCNC1,12.48,-1.0962145853464051,0,train,test,0.1455078125
679,679,CN(C(=O)C1CN(S(=O)(=O)c2ccccc2)CC1N(C)C(=O)c1cc(-c2ccccc2Cl)on1)C1CCCNC1,25.09,-1.3995006613146106,0,train,test,0.14013671875
680,680,O=CN1CCCC(NC(=O)C2CN(S(=O)(=O)c3ccccc3)CC2NC(=O)c2cc(-c3ccccc3Cl)on2)C1,162.445,-2.210706348455223,0,train,test,0.14013671875
681,681,CC(=O)N1CCCC(NC(=O)C2CN(S(=O)(=O)c3ccccc3)CC2NC(=O)c2cc(-c3ccccc3Cl)on2)C1,129.195,-2.1112457062718497,0,test,test,0.158935546875
