smiles,exp_mean [nM],y,cliff_mol,split
CN1CCN(C2=Nc3ccccc3Nc3sc(CO)cc32)CC1,6.0,-0.7781512503836436,0,train
Cc1cc2c(s1)Nc1ccccc1N=C2N1CCN(C)CC1,4.196625,-0.6229001634676494,0,test
Cc1cc2c(s1)Nc1ccccc1N=C2N1CCNCC1,22.0,-1.3424226808222062,0,train
CC(=O)c1ccc(OCCCN2CCC(NC(=O)C(N)CO)C2)cc1,43000.0,-4.633468455579586,0,train
Cc1ccc(S(=O)(=O)NC2CCN(CCCOc3ccc(C(=O)C4CC4)cc3)C2)cc1,5500.0,-3.740362689494244,1,test
CC(=O)c1ccc(OCCCN2CCC(NS(=O)(=O)c3ccc(C#N)cc3)C2)cc1,14000.0,-4.146128035678238,0,test
O=C(c1ccc(OCCCN2CCC(NS(=O)(=O)c3ccc(F)cc3)C2)cc1)C1CC1,9200.0,-3.963787827345555,0,test
CCc1ccc(S(=O)(=O)NC2CCN(CCCOc3ccc(C(=O)C4CC4)cc3)C2)cc1,2300.0,-3.361727836017593,1,train
CC(=O)c1ccc(OCCCN2CCC(NC(=O)c3ccc(C#N)cc3)C2)cc1,13000.0,-4.113943352306837,0,train
Cc1cccc(S(=O)(=O)NC2CCN(CCCOc3ccc(C(=O)C4CC4)cc3)C2)c1,6600.0,-3.8195439355418688,1,test
CC(=O)c1ccc(OCCCN2CCC(NC(=O)c3cccnc3)C2)cc1,7400.0,-3.869231719730976,0,train
N#Cc1cccc(S(=O)(=O)NC2CCN(CCCOc3ccc(C(=O)C4CC4)cc3)C2)c1,8900.0,-3.949390006644913,1,train
O=C(c1ccc(OCCCN2CCC(NS(=O)(=O)c3ccccc3F)C2)cc1)C1CC1,9400.0,-3.9731278535996983,0,train
O=C(c1ccc(OCCCN2CCC(NS(=O)(=O)c3cccc(Cl)c3)C2)cc1)C1CC1,3600.0,-3.5563025007672877,0,train
O=C(c1ccc(OCCCN2CCC(NS(=O)(=O)c3ccc(Cl)cc3)C2)cc1)C1CC1,2500.0,-3.397940008672037,0,train
Cn1cnc(S(=O)(=O)NC2CCN(CCCOc3ccc(C(=O)C4CC4)cc3)C2)c1,91000.0,-4.959041392321094,1,test
O=C(c1ccc(OCCCN2CCC(NS(=O)(=O)c3ccccc3Cl)C2)cc1)C1CC1,4500.0,-3.653212513775344,0,train
O=C(c1ccc(OCCCN2CCC(NS(=O)(=O)c3ccc(Br)cc3)C2)cc1)C1CC1,1500.0,-3.1760912590556813,0,train
O=C(c1ccc(OCCCN2CCC(NS(=O)(=O)c3ccccc3)C2)cc1)C1CC1,9100.0,-3.959041392321093,0,train
N#Cc1ccccc1S(=O)(=O)NC1CCN(CCCOc2ccc(C(=O)C3CC3)cc2)C1,6200.0,-3.792391689498254,0,train
CC(=O)c1ccc(OCCCN2CCC(NC(=O)c3cnccn3)C2)cc1,10000.0,-4.0,0,test
N#Cc1ccc(S(=O)(=O)NC2CCN(CCCOc3ccc(C(=O)C4CC4)cc3)C2)cc1,20000.0,-4.301029995663981,0,train
O=C(c1ccc(OCCCN2CCC(NS(=O)(=O)c3cccc(F)c3)C2)cc1)C1CC1,5900.0,-3.770852011642144,0,train
Cc1ccccc1S(=O)(=O)NC1CCN(CCCOc2ccc(C(=O)C3CC3)cc2)C1,16000.0,-4.204119982655925,0,train
COc1ccc(S(=O)(=O)NC2CCN(CCCOc3ccc(C(=O)C4CC4)cc3)C2)cc1,4400.0,-3.643452676486187,1,train
CC1OC(=O)N(C(=O)NCCCN2CCC(c3ccc(F)cc3)CC2)C1c1ccc(F)c(F)c1,54.0,-1.7323937598229686,0,train
O=C(c1ccc(F)cc1)C1CCN(CC2CC3c4ccccc4Cc4ccccc4C3O2)CC1,1.9,-0.2787536009528289,0,train
CN1CCN(CC2CC3c4ccccc4Sc4ccccc4C3O2)CC1,1.2,-0.0791812460476248,0,train
CN(C)CC1CC2c3ccccc3Sc3ccccc3C2O1,4.3,-0.6334684555795865,0,train
c1ccc(C2CCN(CC3CC4c5ccccc5Sc5ccccc5C4O3)CC2)cc1,47.1,-1.6730209071288962,0,train
OCCN1CCN(CC2CC3c4ccccc4Cc4ccccc4C3O2)CC1,3.7,-0.568201724066995,0,train
CN(C)CC1CC2c3ccccc3Cc3ccccc3N2O1,0.64,0.1938200260161128,0,train
Clc1cccc(N2CCN(CC3CC4c5ccccc5Cc5ccccc5C4O3)CC2)c1,471.0,-2.673020907128896,1,train
CN(C)CC1CC2c3ccccc3N(C)c3ccccc3C2O1,6.0,-0.7781512503836436,0,train
CN1CCN(CC2CC3c4ccccc4Cc4ccccc4C3O2)CC1,3.0,-0.4771212547196624,0,train
CN(C)CC1CC2c3ccccc3OCc3ccccc3C2O1,9.6,-0.9822712330395684,0,test
CN(C)CC1CC2c3ccccc3COc3ccccc3C2O1,20.6,-1.3138672203691537,0,train
c1ccc(C2CCN(CC3CC4c5ccccc5Cc5ccccc5C4O3)CC2)cc1,29.7,-1.4727564493172125,1,train
c1ccc2c(c1)Cc1ccccc1C1OC(CN3CCOCC3)CC21,2.36,-0.3729120029701065,0,train
OCCOCCN1CCN(C2=Nc3ccccc3Sc3ccccc32)CC1,12.6598,-1.102426844734853,0,train
CN1CCN(C2=Nc3cc(Cl)ccc3Nc3ccccc32)CC1,4.1945555555555565,-0.6226859508630944,0,train
CN(C)CCOC1=Cc2ccccc2Sc2ccc(Cl)cc21,2.01,-0.3031960574204888,0,train
CC(C1=C(CCN(C)C)Cc2cc(Cl)ccc21)c1ccccn1,0.8128,0.0900163050601559,0,train
CN1CCCC1CCNc1c2c(nc3ccccc13)CCCCC2,1000.0,-3.0,0,train
C(#Cc1c2c(nc3ccccc13)CCCCC2)CCN1CCCCC1,15733.0,-4.196811542662677,1,train
CC(C1=C(CCN(C)CCF)Cc2ccccc21)c1ccccn1,7.244,-0.8599784416420208,0,train
CN(C)CCCNc1c2c(nc3ccccc13)CCCCC2,7696.0,-3.886265059029757,0,train
c1ccc2c(NCCCN3CCCC3)c3c(nc2c1)CCCCC3,4085.0,-3.611192060868434,1,train
CC(C1=C(CN(C)C)Cc2ccccc21)c1ccccn1,28.84,-1.4599952560473914,0,train
CCN(CC)C(=O)C1C=C2c3cccc4[nH]cc(c34)CC2N(C)C1,1540.0,-3.187520720836463,1,test
CCOC(=O)N1CCN(CCCOc2ccc(C(=O)CC(C)C)cc2)CC1,933.25,-2.969997998598342,0,train
CCOC(=O)N1CCN(CCCOc2ccc(C(=O)Cc3ccccc3)cc2)CC1,933.25,-2.969997998598342,0,train
CCCCCC(=O)c1ccc(OCCCN2CCN(C(=O)OCC)CC2)cc1,275.42,-2.4399954739538083,1,test
CCCCCC(=O)c1ccc(OCCCN2CCN(C(=O)N3CCOCC3)CC2)cc1,4168.69,-3.619999600500459,1,train
CCCCCC(=O)c1ccc(OCCCN2CCN(C(=O)C3CCC3)CC2)cc1,354.81,-2.549995851530652,1,train
CCOC(=O)N1CCN(CCCOc2ccc(C(=O)c3cccc(C)c3)cc2)CC1,380.19,-2.58000068958904,0,train
CCCCCC(=O)c1ccc(OCCCN2CCN(S(=O)(=O)C(C)C)CC2)cc1,11220.18,-4.049999824155409,1,train
CCCCCC(=O)c1ccc(OCCCN2CCN(C(=O)CCC)CC2)cc1,870.96,-2.9399982099121624,0,train
CCCCCC(=O)c1ccc(OCCCN2CCN(CCCC)CC2)cc1,660.69,-2.8199977335107764,0,train
CCCCCC(=O)c1ccc(OCCCN2CCN(Cc3nccs3)CC2)cc1,60.26,-1.7800291273373383,1,train
CCOC(=O)N1CCN(CCCOc2ccc(C(=O)c3ccc(F)cc3)cc2)CC1,208.93,-2.320000804264728,1,train
CCCCCC(=O)c1ccc(OCCCN2CCN(C(=O)c3ccccc3)CC2)cc1,288.4,-2.4599952560473914,1,train
CCCCCC(=O)c1ccc(OCCCN2CCN(CC3CC3)CC2)cc1,2238.72,-3.349999779126545,1,train
CCCCCC(=O)c1ccc(OCCCN2CCN(C(=O)CC)CC2)cc1,1905.46,-3.279999836361079,0,train
CCOC(=O)N1CCN(CCCOc2ccc(C(=O)CC)cc2)CC1,1659.59,-3.220000809286663,0,train
CCCCCC(=O)c1ccc(OCCCN2CCN(S(C)(=O)=O)CC2)cc1,26302.68,-4.420000001338187,0,test
CCCC(=O)c1ccc(OCCCN2CCN(C(=O)OCC)CC2)cc1,741.31,-2.8699998586345257,0,train
CCCCCC(=O)c1ccc(OCCCN2CCN(C(=O)c3sccc3Cl)CC2)cc1,79.43,-1.899984562549391,0,train
CCCCCC(=O)c1ccc(OCCCN2CCN(S(=O)(=O)c3ccc(C#N)cc3)CC2)cc1,13489.63,-4.130000037799257,0,train
CCOC(=O)N1CCN(CCCOc2ccc(C(=O)C3CCCCC3)cc2)CC1,602.56,-2.780000298336571,0,train
CCOC(=O)N1CCN(CCCOc2ccc(C(=O)c3ccc(C(C)(C)C)cc3)cc2)CC1,562.34,-2.749998976558349,0,train
CCCCCC(=O)c1ccc(OCCCN2CCN(C(=O)NCC)CC2)cc1,1584.89,-3.1999991251967965,0,train
CCCCCC(=O)c1ccc(OCCCN2CCN(C(=O)c3ccc(C)s3)CC2)cc1,97.72,-1.989983458301399,0,test
CCCCCC(=O)c1ccc(OCCCN2CCN(C(=O)OC)CC2)cc1,1071.52,-3.030000281592104,0,train
CC(C#Cc1ccc(CN2CCN(C(c3ccccc3)c3ccc(Cl)cc3)CC2)o1)N(O)C(N)=O,190.0,-2.278753600952829,0,test
CCCCCC(=O)c1ccc(OCCCN2CCN(C(=O)c3ccncc3)CC2)cc1,478.63,-2.67999991622922,0,train
C=C(C)C(=O)c1ccc(OCCCN2CCN(C(=O)OCC)CC2)cc1,977.24,-2.9900012350346614,0,train
CCCCCC(=O)c1ccc(OCCCN2CCN(CC(C)C)CC2)cc1,457.09,-2.6600017201028834,0,test
CCCCCC(=O)c1ccc(OCCCN2CCN(C(=O)OCC(C)C)CC2)cc1,275.42,-2.4399954739538083,1,train
NC(=O)N(O)CCC#Cc1ccc(CN2CCN(C(c3ccccc3)c3ccc(Cl)cc3)CC2)o1,150.0,-2.1760912590556813,1,test
CCCCCC(=O)c1ccc(OCCCN2CCN(CCC)CC2)cc1,3388.44,-3.5299997998772934,0,train
CCCCCC(=O)c1ccc(OCCCN2CCN(C(=O)c3cnco3)CC2)cc1,4265.8,-3.630000489900912,1,train
CCOC(=O)N1CCN(CCCOc2ccc(C(=O)/C=C/c3ccc(OC)cc3)cc2)CC1,616.6,-2.7900035203904894,0,train
CCCCCC(=O)c1ccc(OCCCN2CCNCC2)cc1,6025.6,-3.780000298336571,1,train
CCCCCC(=O)c1ccc(OCCCN2CCN(C(=O)N3CCCC3)CC2)cc1,1047.13,-3.020000602192583,1,train
CCCCCC(=O)c1ccc(OCCCN2CCN(C(=O)c3ccco3)CC2)cc1,398.11,-2.60000308662774,1,test
CCCCCC(=O)c1ccc(OCCCN2CCN(C(=O)NC(C)C)CC2)cc1,1202.26,-3.0799983980783527,1,train
CCOC(=O)N1CCN(CCCOc2ccc(C(C)=O)cc2)CC1,2238.72,-3.349999779126545,0,train
CCOC(=O)N1CCN(CCCOc2ccc(C(=O)c3ccc(OC)cc3)cc2)CC1,812.83,-2.909999724213982,1,train
CCCCCC(=O)c1ccc(OCCCN2CCN(C(=O)OCCCC)CC2)cc1,575.44,-2.76000004729273,0,train
COc1ccc(CCN2CCC(Nc3nc4ccccc4n3Cc3ccc(F)cc3)CC2)cc1,2.233333333333333,-0.3489535479811639,0,test
CCCCCC(=O)c1ccc(OCCCN2CCN(C(=O)c3occc3C)CC2)cc1,104.71,-2.019988159591285,1,train
CCOC(=O)N1CCN(CCCOc2ccc(C(=O)C=C(C)C)cc2)CC1,354.81,-2.549995851530652,0,train
CCCCCC(=O)c1ccc(OCCCN2CCN(C(=O)c3ccccn3)CC2)cc1,416.87,-2.620000642300068,1,train
CCCCCC(=O)c1ccc(OCCCN2CCN(C(=O)C3CC3)CC2)cc1,1778.28,-3.2500001440812936,1,train
CCCCCCCCC(=O)c1ccc(OCCCN2CCN(C(=O)OCC)CC2)cc1,501.19,-2.7000023971422538,0,train
CCCCCC(=O)c1ccc(OCCCN2CCN(C(=O)Cc3ccccc3)CC2)cc1,56.23,-1.749968083509403,1,train
CCCCCC(=O)c1ccc(OCCCN2CCN(C(=O)CSCC)CC2)cc1,1096.48,-3.04000071447332,0,train
NC(=O)N(O)Cc1ccc(CN2CCN(C(c3ccccc3)c3ccc(Cl)cc3)CC2)o1,4.0,-0.6020599913279624,1,train
CCOC(=O)N1CCN(CCCOc2ccc(C(=O)c3cccc(F)c3F)cc2)CC1,1023.29,-3.0099987300480606,0,test
NC(=O)N(O)CCC#CC1CCC(CN2CCN(C(c3ccc(F)cc3)c3ccc(F)cc3)CC2)O1,660.0,-2.8195439355418688,0,train
CCCCCCCC(=O)c1ccc(OCCCN2CCN(C(=O)OCC)CC2)cc1,562.34,-2.749998976558349,0,train
CCOC(=O)N1CCN(CCCOc2ccc(C(=O)C3CC3)cc2)CC1,1412.54,-3.150000754922137,1,train
CCCCCC(=O)c1ccc(OCCCN2CCN(C(=O)c3cccs3)CC2)cc1,74.13,-1.8699940001217417,1,train
CCCCCC(=O)c1ccc(OCCCN2CCN(C(=O)c3cnccn3)CC2)cc1,2041.74,-3.3100004371855043,1,test
CCOC(=O)N1CCN(CCCOc2ccc(C(=O)/C=C/c3cccnc3)cc2)CC1,426.58,-2.630000489900912,0,train
CCCCCC(=O)c1ccc(OCCCN2CCN(C(=O)c3cccn3C)CC2)cc1,56.23,-1.749968083509403,1,train
NC(=O)N(O)CCC#Cc1ccc(CN2CCN(C(c3ccc(F)cc3)c3ccc(F)cc3)CC2)o1,550.0,-2.740362689494244,0,train
CCOC(=O)N1CCN(CCCOc2ccc(C(=O)c3ccc(SC)cc3)cc2)CC1,446.68,-2.649996507466041,1,test
CCCCCC(=O)c1ccc(OCCCN2CCN(C(=O)C(C)(C)O)CC2)cc1,21379.62,-4.329999981818983,1,train
CCCCCC(=O)c1ccc(OCCCN2CCN(C(=O)c3cccnc3)CC2)cc1,724.44,-2.8600024219010978,1,test
CCCCCC(=O)c1ccc(OCCCN2CCN(C(=O)C(C)C)CC2)cc1,3981.07,-3.59999981394342,1,train
CCCCCC(=O)c1ccc(OCCCN2CCN(C(=O)c3c[nH]cn3)CC2)cc1,524.81,-2.720002101717151,0,test
CCCCCC(=O)c1ccc(OCCCN2CCN(C(=O)OC(C)C)CC2)cc1,309.03,-2.490000641890952,1,train
O=C(c1ccc(OCCCN2CCN(C(=O)CC3CCCN3)CC2)cc1)C1CC1,95499.26,-4.980000006356922,0,train
NC(Cc1ccc(O)cc1)C(=O)N1CCN(CCCOc2ccc(C(=O)C3CC3)cc2)CC1,9772.37,-3.989999901804907,0,train
NC(Cc1nccs1)C(=O)N1CCN(CCCOc2ccc(C(=O)C3CC3)cc2)CC1,100000.0,-5.0,1,train
CCCCCC(=O)c1ccc(OCCCN2CCN(C(=O)C(C)N)CC2)cc1,35481.34,-4.550000013178191,0,train
NC(CC1CCCCC1)C(=O)N1CCN(CCCOc2ccc(C(=O)C3CC3)cc2)CC1,14454.4,-4.1600000688813,0,train
NCCC(=O)N1CCN(CCCOc2ccc(C(=O)C3CC3)cc2)CC1,28183.83,-4.450000010591701,1,train
NC(Cc1cccc2ccccc12)C(=O)N1CCN(CCCOc2ccc(C(=O)C3CC3)cc2)CC1,1995.26,-3.299999496116984,0,train
CNC(C(=O)N1CCN(CCCOc2ccc(C(=O)C3CC3)cc2)CC1)C(C)C,34673.69,-4.540000062059139,0,train
CC(C)(C)C(N)C(=O)N1CCN(CCCOc2ccc(C(=O)C3CC3)cc2)CC1,21877.62,-4.340000074650098,0,test
CCCCCC(=O)c1ccc(OCCCN2CCN(C(=O)C(C)NC(=O)OC(C)(C)C)CC2)cc1,6760.83,-3.830000015807418,0,train
CCCCCC(=O)c1ccc(OCCCN2CCN(C(=O)C(CO)NC(=O)OC(C)(C)C)CC2)cc1,16982.44,-4.230000088876488,0,train
CNCC(=O)N1CCN(CCCOc2ccc(C(=O)C3CC3)cc2)CC1,100000.0,-5.0,1,train
CCCCCC(=O)c1ccc(OCCCN2CCN(C(=O)C(N)CO)CC2)cc1,46773.51,-4.669999961664622,0,train
NC(CCc1ccccc1)C(=O)N1CCN(CCCOc2ccc(C(=O)C3CC3)cc2)CC1,10000.0,-4.0,0,test
NC(Cc1c[nH]cn1)C(=O)N1CCN(CCCOc2ccc(C(=O)C3CC3)cc2)CC1,95499.26,-4.980000006356922,0,test
NC(Cc1cc2ccccc2s1)C(=O)N1CCN(CCCOc2ccc(C(=O)C3CC3)cc2)CC1,4365.16,-3.6400001669061024,0,train
CCC(N)C(=O)N1CCN(CCCOc2ccc(C(=O)C3CC3)cc2)CC1,4677.35,-3.6699998688140902,1,train
O=C(c1ccc(OCCCN2CCN(C(=O)C3CCCN3)CC2)cc1)C1CC1,37153.52,-4.569999965987769,0,train
NC(C(=O)O)C1Cc2ccccc2C1,10715.19,-4.029999876284985,0,train
CCCC(N)C(=O)N1CCN(CCCOc2ccc(C(=O)C3CC3)cc2)CC1,46773.51,-4.669999961664622,1,train
CNC(Cc1ccccc1)C(=O)N1CCN(CCCOc2ccc(C(=O)C3CC3)cc2)CC1,13489.63,-4.130000037799257,0,train
NC(Cc1ccc(F)cc1)C(=O)N1CCN(CCCOc2ccc(C(=O)C3CC3)cc2)CC1,9332.54,-3.969999860022617,0,train
CC(C)(C)CC(N)C(=O)N1CCN(CCCOc2ccc(C(=O)C3CC3)cc2)CC1,10232.93,-4.010000003276115,0,train
CC(NC(=O)OC(C)(C)C)C(=O)N1CCN(CCCOc2ccc(C(=O)C3CC3)cc2)CC1,8128.31,-3.910000258512931,0,train
N#CCC(N)C(=O)N1CCN(CCCOc2ccc(C(=O)C3CC3)cc2)CC1,45708.82,-4.660000009867248,0,train
CC(C)(C)OCC(N)C(=O)N1CCN(CCCOc2ccc(C(=O)C3CC3)cc2)CC1,16218.1,-4.209999973928854,0,train
NC(C(=O)N1CCN(CCCOc2ccc(C(=O)C3CC3)cc2)CC1)c1ccccc1,4570.88,-3.6599998198406505,0,train
CC(C)NC(C)C(=O)N1CCN(CCCOc2ccc(C(=O)C3CC3)cc2)CC1,46773.51,-4.669999961664622,1,test
NC(Cc1ccsc1)C(=O)N1CCN(CCCOc2ccc(C(=O)C3CC3)cc2)CC1,9772.37,-3.989999901804907,1,train
CC(C)(C)OC(=O)N1CCCC1C(=O)N1CCN(CCCOc2ccc(C(=O)C3CC3)cc2)CC1,46773.51,-4.669999961664622,0,train
COc1cc2c(cc1OC)C1=NOC(CN3CCN(C/C(C)=C/c4ccccc4)CC3)C1CO2,113.0,-2.05307844348342,0,train
COc1cc2c(cc1OC)C1=NOC(CN3CCN(Cc4ccc5ccccc5c4)CC3)C1CO2,460.0,-2.6627578316815743,0,train
Cn1ccc2c1CCn1ccnc1C2=C1CCNCC1,22.0,-1.3424226808222062,0,train
Cn1ccc2c1C(=O)Cn1ccnc1C2=C1CCNCC1,12.0,-1.0791812460476249,0,train
Clc1ccc2c(c1)CCc1cccnc1C2=C1CCNCC1,1.238,-0.0927206446840991,1,train
NC(=O)N(O)CCC#Cc1ccc(OCCN2CCN(C(c3ccccc3)c3ccc(Cl)cc3)CC2)cc1,305.0,-2.484299839346786,1,train
CN1CCN2c3ncccc3Cc3ccccc3C2C1,1.6,-0.2041199826559248,0,train
CN1CCN2c3ccccc3Cc3ccccc3C2C1,0.9375,0.0280287236002435,0,test
CN(C)CC1CC2c3ccccc3Oc3ccc(Br)cc3C2O1,42.0,-1.6232492903979006,0,train
CN(C)C/C=C1\c2ccccc2COc2ccc(CC(=O)O)cc21,11.0,-1.041392685158225,0,train
O=C(O)Cc1ccc2c(c1)/C(=C\CN1CCC(Cc3ccccc3)CC1)c1ccccc1CO2,20.0,-1.3010299956639813,0,train
CN(CCCCc1c[nH]cn1)CCC(c1ccc(Cl)cc1)c1ccccn1,7.0,-0.8450980400142568,0,train
Cn1c(=O)cnn(CCCCN2CCN(c3cccc4ccc(O[11CH3])cc34)CC2)c1=O,150.0,-2.1760912590556813,0,train
COc1cccc(N2CCN(CCCCn3ncc(=O)n(C)c3=O)CC2)c1,839.0,-2.9237619608287004,0,train
O=C(CCCN1C2CCC1CC(O)(c1ccc(Cl)cc1)C2)c1ccc(F)cc1,8780.0,-3.943494515906103,1,train
CN1CCN(C2=Nc3ccc(Cl)cc3Oc3ccccc32)CC1,7.762,-0.889973638403996,0,train
COc1cc2c(cc1OC)C1=NOC(CN3CCN(C/C(C)=C/c4ccc(F)cc4)CC3)C1CO2,74.0,-1.869231719730976,0,train
CCOc1cc(CN2CCC(Nc3nc4ccccc4o3)CC2)ccc1OC,624.0,-2.795184589682424,0,train
CCOc1cc(CN2CCC(NC(=O)c3cncc(C)c3)CC2)ccc1Cl,270.0,-2.431363764158988,0,train
O=C(c1ccc(F)cc1F)N1CCN(c2ccc(OCCCN3CCCC3)cc2)C(=O)C1,1995.26,-3.299999496116984,0,train
CC1NC(N)=Nc2cccc(Cl)c21,1100.0,-3.041392685158225,0,test
CC1NC(N)=Nc2ccc(Cl)c(Cl)c21,8.0,-0.9030899869919436,0,train
N#Cc1ccc2c(c1)CCN(CCC1CCC(NC(=O)c3ccnc4ccccc34)CC1)C2,630.96,-2.800001827817969,0,train
CN1CCN(c2nc3ccccc3nc2Cc2ccccc2)CC1,741.31,-2.8699998586345257,0,train
COc1cc(Cl)ccc1OC(c1ccccc1)C1CNCCO1,26.0,-1.414973347970818,0,train
COc1cc(F)ccc1OC(c1ccccc1)C1CNCCO1,10.0,-1.0,0,test
c1ccc(C(Oc2cccc3c2OCC3)C2CNCCO2)cc1,10.0,-1.0,0,test
Fc1cccc(OC(c2ccccc2)C2CNCCO2)c1F,10.0,-1.0,0,test
Cc1cc(F)ccc1OC(c1ccccc1)C1CNCCO1,10.0,-1.0,0,train
Fc1ccc(OC(c2ccccc2)C2CNCCO2)c(Cl)c1,10.0,-1.0,0,test
CNC(=O)C(CCN1CCC(O)(c2ccc(Cl)cc2)CC1)(c1ccccc1)c1ccccc1,4.2,-0.6232492903979004,0,test
COc1ccc(CN(CCN(C)C)c2ccccn2)cc1,1.4044444444444446,-0.1475045645070413,0,train
Nc1nc2c(c(N3CCNCC3)n1)CCC1=C2C2CCCCC2O1,3548.13,-3.549999523574668,0,train
COc1c(OCCF)cccc1C(=O)C1CCN(CCc2ccc(F)cc2)CC1,944.0,-2.974971994298069,0,train
COc1c(OCCF)cccc1C(O)C1CCN(CCc2ccc(C)cc2)CC1,439.0,-2.6424645202421213,0,train
COc1c(OCCF)cccc1C(=O)C1CCN(CCc2ccc(C)cc2)CC1,665.0,-2.8228216453031045,0,test
Cc1ccc(/C(=C\CN2CCCC2)c2ccccn2)cc1,1.6,-0.2041199826559248,0,train
O=C(CCCN1C2CCC1CN(c1ccc(Cl)cc1)CC2)c1ccc(F)cc1,1014.0,-3.0060379549973173,0,train
O=C(CCCN1CCCN(c2ccc(Cl)cc2)CC1)c1ccc(F)cc1,188.6,-2.2755416884013098,0,test
O=C(CCCN1CCN(c2ncccn2)CC1)c1ccc(F)cc1,911.9,-2.9599472157084987,0,test
O=C(CCCN1C2CCC1CC(c1ccccc1)C2)c1ccc(F)cc1,973.5,-2.9883359558560505,0,train
O=C(CCCN1C2CCC1CC(O)(c1ccccc1)C2)c1ccc(F)cc1,635.4,-2.803047210491129,1,test
O=C(CCCN1CCN(c2ccc(Cl)cc2)CC1)c1ccc(F)cc1,157.6,-2.1975562131535367,0,train
CN1CCN(c2nc(NCc3ccoc3)c3cc(Cl)ccc3n2)CC1,97.72,-1.989983458301399,0,train
CN(C)CCC=C1c2ccccc2CCc2ccccc21,0.8375000000000001,0.077015184291117,0,train
CN(CCC=C1c2ccccc2CCc2ccccc21)C(=O)Cc1ccc(OCCCN2CCCCC2)cc1,559.0,-2.747411807886423,0,train
CN(CCC=C1c2ccccc2CCc2ccccc21)C(=O)c1ccc(OCCCN2CCCCC2)cc1,686.0,-2.836324115706752,0,test
CN(CCC=C1c2ccccc2CCc2ccccc21)Cc1ccc(OCCCN2CCCCC2)cc1,79.0,-1.8976270912904412,0,test
CNCCCC12CCC(c3ccccc31)c1ccccc12,1.3455,-0.1288837020997733,0,train
CN(CCCC12CCC(c3ccccc31)c1ccccc12)Cc1ccc(OCCCN2CCCCC2)cc1,40.0,-1.6020599913279625,0,train
CN(C)CCCN1c2ccccc2Sc2ccc(Cl)cc21,3.1035,-0.4918517497214158,0,train
CN(CCCN1c2ccccc2Sc2ccc(Cl)cc21)Cc1ccc(OCCCN2CCCCC2)cc1,205.0,-2.311753861055754,0,train
CN(C)CC/C=C1/c2ccccc2Sc2ccc(Cl)cc21,3.75,-0.5740312677277188,0,test
CN(CC/C=C1\c2ccccc2Sc2ccc(Cl)cc21)Cc1ccc(OCCCN2CCCCC2)cc1,295.0,-2.469822015978163,0,train
Clc1ccc2c(c1)N=C(N1CCN(Cc3ccc(OCCCN4CCCCC4)cc3)CC1)c1ccccc1N2,190.0,-2.278753600952829,0,train
CN(C)CCC1=C(Cc2ccc(F)cc2)c2ccccc2C1,0.6,0.2218487496163563,1,train
CN(C)CCC1=C(Cc2cnccn2)c2ccccc2C1,4.0,-0.6020599913279624,1,test
CC(C1=C(CCN(C)C)Cc2ccccc21)c1cnccn1,1.3,-0.1139433523068367,1,train
CN(C)CCc1sc2ccccc2c1Cc1ccc(F)cc1,11.0,-1.041392685158225,1,test
CN(C)CCc1sc2ccccc2c1Cc1cnccn1,75.0,-1.8750612633917,1,train
CC(c1ccccn1)c1c(CCN(C)C)oc2ccccc12,0.9,0.0457574905606751,1,train
CNC1CCN(c2nc3ccccc3n2Cc2ccc(F)cc2)CC1,2.4,-0.380211241711606,0,train
CN(C1CCCCC1)C1CCN(c2nc3ccccc3n2Cc2ccc(F)cc2)CC1,2.8,-0.4471580313422192,1,train
CN(CCc1ccccc1)C1CCN(c2nc3ccccc3n2Cc2ccc(F)cc2)CC1,2.4,-0.380211241711606,1,train
CN(Cc1ccccc1)C1CCN(c2nc3ccccc3n2Cc2ccc(F)cc2)CC1,3.6,-0.5563025007672873,1,train
CN(c1ncccn1)C1CCN(c2nc3ccccc3n2Cc2ccc(F)cc2)CC1,75.2,-1.8762178405916423,1,train
CN(c1nccc(=O)[nH]1)C1CCN(c2nc3ccccc3n2Cc2ccc(F)cc2)CC1,2.7,-0.4313637641589873,0,train
COc1ccc(Cn2c(N3CCC(n4cc(C)cn4)CC3)nc3ccccc32)cc1,7.1,-0.8512583487190752,0,train
Cc1cnn(C2CCN(c3nc4ccccc4n3Cc3ccc(F)cc3)CC2)c1,6.900000000000001,-0.8388490907372553,0,train
Fc1ccc(Cn2c(N3CCC(n4cccn4)CC3)nc3ccccc32)cc1,18.3,-1.2624510897304295,1,train
Fc1ccc(Cn2c(N3CCC(n4ccnc4)CC3)nc3ccccc32)cc1,1.3,-0.1139433523068367,1,train
Fc1ccc(Cn2c(N3CCC(n4cccc4)CC3)nc3ccccc32)cc1,59.3,-1.7730546933642626,1,test
O=C1CCCCN1C1CCN(c2nc3ccccc3n2Cc2ccc(F)cc2)CC1,6.6,-0.8195439355418687,0,test
CN(C)CCN(C)C1CCN(c2nc3ccccc3n2Cc2ccc(F)cc2)CC1,2.9,-0.4623979978989561,0,train
COc1ccc(Cn2c(N3CCC(NCC4CCOCC4)CC3)nc3ccccc32)cc1,14.1,-1.14921911265538,0,train
Fc1ccc(Cn2c(N3CCC(NCC4CCOCC4)CC3)nc3ccccc32)cc1,4.5,-0.6532125137753437,0,train
CN(CCO)C1CCN(c2nc3ccccc3n2Cc2ccc(F)cc2)CC1,3.2,-0.505149978319906,0,train
COCCN(C)C1CCN(c2nc3ccccc3n2Cc2ccc(F)cc2)CC1,2.2,-0.3424226808222063,0,train
COc1ccc(Cn2c(N3CCC(N(C)CC4CCOCC4)CC3)nc3ccccc32)cc1,14.1,-1.14921911265538,0,train
CN(CC1CCOCC1)C1CCN(c2nc3ccccc3n2Cc2ccc(F)cc2)CC1,3.9,-0.5910646070264992,0,train
COc1ccc(Cn2c(N3CCC(N(C)C)CC3)nc3ccccc32)cc1,2.4,-0.380211241711606,0,train
Cc1ccc(Cn2c(N3CCC(N(C)C)CC3)nc3ccccc32)cc1,1.5,-0.1760912590556812,0,test
CN(C)C1CCN(c2nc3ccccc3n2Cc2ccc(F)cc2)CC1,1.8,-0.255272505103306,0,train
Cc1ccc(CCCCN2CCC(C(O)(c3ccccc3)c3ccccc3)CC2)cc1,39.0,-1.591064607026499,0,train
O=C(O)c1ccc(CCCCN2CCC(C(O)(c3ccccc3)c3ccccc3)CC2)cc1,203.0,-2.307496037913213,1,train
CC1CCC(CCCCN2CCC(C(O)(c3ccccc3)c3ccccc3)CC2)CC1,61.0,-1.7853298350107671,0,train
OC(c1ccccc1)(c1ccccc1)C1CCNCC1,659.0,-2.8188854145940097,0,train
COC(=O)c1ccc(CCCCN2CCC(C(O)(c3ccccc3)c3ccccc3)CC2)cc1,20.0,-1.3010299956639813,1,train
Cc1ccc(CCCCN2CCCCC2)cc1,3200.0,-3.505149978319906,0,train
Cc1ccc(CCCCN2CCC(C(O)c3ccccc3)CC2)cc1,121.0,-2.08278537031645,0,test
Cc1ccc(CN2CCC(C(O)(c3ccccc3)c3ccccc3)CC2)cc1,16.0,-1.2041199826559248,0,test
Cc1ccc(CCN2CCC(C(O)(c3ccccc3)c3ccccc3)CC2)cc1,64.0,-1.806179973983887,0,train
Cc1ccc(CCCN2CCC(C(O)(c3ccccc3)c3ccccc3)CC2)cc1,155.0,-2.1903316981702914,0,train
NCC1c2ccccc2Cc2ccccc21,197.0,-2.294466226161593,0,test
CNCC1c2ccccc2Cc2ccccc21,189.0,-2.2764618041732443,1,train
CN(C)CC1c2ccccc2Cc2ccccc21,25.0,-1.3979400086720375,1,train
NCCC1c2ccccc2Cc2ccccc21,137.0,-2.1367205671564067,1,train
CNCCC1c2ccccc2Cc2ccccc21,48.0,-1.6812412373755872,1,train
CN(C)CCC1c2ccccc2Cc2ccccc21,6.0,-0.7781512503836436,1,train
NCCCC1c2ccccc2Cc2ccccc21,175.0,-2.2430380486862944,1,train
CNCCCC1c2ccccc2Cc2ccccc21,3.0,-0.4771212547196624,1,train
CN(C)CCCC1c2ccccc2Cc2ccccc21,0.5,0.3010299956639812,1,train
CN(C)CC(c1ccccc1)c1ccccc1,5172.0,-3.7136585162083566,1,train
NCCC(c1ccccc1)c1ccccc1,2758.0,-3.440594261839831,1,train
CNCCC(c1ccccc1)c1ccccc1,64.0,-1.806179973983887,1,train
CN(C)CCC(c1ccccc1)c1ccccc1,75.0,-1.8750612633917,1,test
NCCCC(c1ccccc1)c1ccccc1,1670.0,-3.2227164711475837,1,train
CNCCCC(c1ccccc1)c1ccccc1,386.0,-2.586587304671755,1,train
CN(C)CCCC(c1ccccc1)c1ccccc1,70.0,-1.845098040014257,1,test
COc1ccc2c3c(ccc2c1)Cc1ccccc1C3CN,2640.0,-3.4216039268698317,0,train
c1ccc(CCNCC2c3ccccc3Cc3ccccc32)cc1,242.0,-2.383815365980431,1,train
c1ccc(CCCNCC2c3ccccc3Cc3ccccc32)cc1,725.0,-2.8603380065709936,1,train
c1ccc(CCCCNCC2c3ccccc3Cc3ccccc32)cc1,964.0,-2.984077033902831,1,train
CCOCC1C2CNCC21c1ccc(Cl)c(Cl)c1,1000.0,-3.0,0,test
O=C1N(CC2CCCCN2)CCN1c1cccc(Cl)c1,1995.26,-3.299999496116984,0,train
c1ccc(N2CCN(CC3CCCCN3)C2)cc1,2511.89,-3.40000061697638,1,train
CCOc1cc(CN2CCC(Nc3nc4cc(S(N)(=O)=O)ccc4o3)CC2)cc(OCC)c1N,2600.0,-3.4149733479708178,0,train
CCOc1cc(CN2CCC(Nc3nc4ccccc4o3)CC2)ccc1Cl,266.0,-2.424881636631067,0,train
CCOc1cc(CN2CCC(Nc3nc4ccccc4o3)CC2)ccc1F,826.0,-2.916980047320382,0,train
CCOc1cc(CN2CCC(Nc3nc4cc(S(N)(=O)=O)ccc4o3)CC2)ccc1OC,520.0,-2.716003343634799,0,train
CCOc1cc(CN2CCC(Nc3nc4cc(NC(=O)C5CCC5)ccc4o3)CC2)ccc1OC,923.0,-2.965201701025912,0,train
CCOc1cc(CN2CCC(Nc3nc4cc(Cl)c(S(N)(=O)=O)cc4o3)CC2)ccc1OC,1013.0,-3.0056094453602804,0,test
CCOc1cc(CN2CCC(Nc3nc4cc(Cl)c(S(N)(=O)=O)cc4o3)CC2)ccc1F,1374.0,-3.137986732723532,0,train
CCOc1cc(CN2CCC(Nc3nc4cc(NS(=O)(=O)c5ccccc5)ccc4o3)CC2)ccc1OC,199.0,-2.298853076409707,0,train
CCOc1cc(CN2CCC(Nc3nc4ccccc4o3)CC2)cc(OC2CCOCC2)c1,3600.0,-3.5563025007672877,0,train
N#C/N=C(/NCCCCc1c[nH]cn1)NCCSc1ccccc1,25703.96,-4.410000036703406,0,train
Cc1cncc(CC2=C(CCN(C)C)Cc3ccccc32)n1,12.0,-1.0791812460476249,0,train
Cc1nccnc1CC1=C(CCN(C)C)Cc2ccccc21,63.0,-1.7993405494535817,1,train
Cc1cnc(CC2=C(CCN(C)C)Cc3ccccc32)cn1,35.0,-1.5440680443502757,1,train
COc1nccnc1CC1=C(CCN(C)C)Cc2ccccc21,2.2,-0.3424226808222063,1,train
CN(C)CCC1=C(Cc2cccnn2)c2ccccc2C1,7.7,-0.8864907251724818,0,train
CN(C)CCC1=C(Cc2ncccn2)c2ccccc2C1,15.0,-1.1760912590556811,0,test
COc1nccnc1C(C)C1=C(CCN(C)C)Cc2ccccc21,1.0,-0.0,0,train
CC(C1=C(CCN(C)C)Cc2ccccc21)c1nccs1,0.8,0.0969100130080563,1,train
Cc1csc(C(C)C2=C(CCN(C)C)Cc3ccccc32)n1,3.1,-0.4913616938342727,0,train
Cc1ccc2c(c1)CC(CCN(C)C)=C2Cc1cnccn1,11.9,-1.0755469613925308,0,train
COc1ccc2c(c1)CC(CCN(C)C)=C2Cc1cnccn1,8.9,-0.9493900066449128,0,test
CN(C)CCC1=C(Cc2cnccn2)c2ccc(Cl)cc2C1,1.4,-0.146128035678238,0,train
CN(C)CCC1=C(Cc2cnccn2)c2ccc(F)cc2C1,1.4,-0.146128035678238,0,train
COc1nccnc1CC1=C(CCN(C)C)Cc2cc(Cl)ccc21,1.5,-0.1760912590556812,0,train
COc1nccnc1CC1=C(CCN(C)C)Cc2cc(F)ccc21,0.8,0.0969100130080563,0,test
CN(C)CCC1=C(Cc2cccnn2)c2ccc(Cl)cc2C1,2.1,-0.3222192947339193,0,train
CN(C)CCC1=C(Cc2cccnn2)c2ccc(F)cc2C1,1.7,-0.2304489213782739,0,test
Cc1ccc2c(c1)CC(CCN(C)C)=C2C(C)c1cnccn1,4.2,-0.6232492903979004,1,train
COc1ccc2c(c1)CC(CCN(C)C)=C2C(C)c1cnccn1,3.1,-0.4913616938342727,0,train
COc1nccnc1C(C)C1=C(CCN(C)C)Cc2cc(C)ccc21,2.7,-0.4313637641589873,0,test
COc1ccc2c(c1)CC(CCN(C)C)=C2C(C)c1nccnc1OC,1.3,-0.1139433523068367,0,train
COc1nccnc1C(C)C1=C(CCN(C)C)Cc2cc(F)ccc21,0.7,0.1549019599857432,0,train
CC(C1=C(CCN(C)C)Cc2cc(F)ccc21)c1nccs1,0.3,0.5228787452803376,1,test
Cc1ccc2c(c1)CC(CCN(C)C)=C2C(C)c1nccs1,2.2,-0.3424226808222063,0,train
COc1ccc2c(c1)CC(CCN(C)C)=C2C(C)c1nccs1,2.5,-0.3979400086720376,0,train
CNCCc1sc2ccccc2c1C(C)c1ccccn1,32000.0,-4.505149978319906,0,train
CC(c1ccccn1)c1c(CCN2CCC2)sc2ccccc12,3.9,-0.5910646070264992,0,test
Cc1ccnc(C(C)c2c(CCN(C)C)sc3ccccc23)c1,390.0,-2.591064607026499,1,train
COc1cccc(C(C)c2c(CCN(C)C)sc3ccccc23)n1,59.0,-1.7708520116421442,0,train
CC(c1cccc(F)n1)c1c(CCN(C)C)sc2ccccc12,38.0,-1.57978359661681,1,train
Cc1cccnc1C(C)c1c(CCN(C)C)sc2ccccc12,9.3,-0.9684829485539352,0,train
COc1cccnc1C(C)c1c(CCN(C)C)sc2ccccc12,5.0,-0.6989700043360189,0,train
CC(c1ncccc1F)c1c(CCN(C)C)sc2ccccc12,2.7,-0.4313637641589873,0,train
CC(c1ncccc1Cl)c1c(CCN(C)C)sc2ccccc12,8.0,-0.9030899869919436,0,train
CC(c1ccc(F)cn1)c1c(CCN(C)C)sc2ccccc12,13.0,-1.1139433523068367,1,test
Cc1ccc(C(C)c2c(CCN(C)C)sc3ccccc23)cn1,69.0,-1.8388490907372552,0,train
COc1ccc(C(C)c2c(CCN(C)C)sc3ccccc23)cn1,120.0,-2.0791812460476247,0,train
Cc1ncccc1C(C)c1c(CCN(C)C)sc2ccccc12,17.0,-1.230448921378274,0,train
COc1ncccc1C(C)c1c(CCN(C)C)sc2ccccc12,2.9,-0.4623979978989561,0,train
CC(c1cccnc1F)c1c(CCN(C)C)sc2ccccc12,1.7,-0.2304489213782739,0,test
CC(c1cccnc1Cl)c1c(CCN(C)C)sc2ccccc12,2.9,-0.4623979978989561,0,train
CC(c1nccs1)c1c(CCN(C)C)sc2ccccc12,35.0,-1.5440680443502757,1,train
CC(c1cscn1)c1c(CCN(C)C)sc2ccccc12,4.6,-0.6627578316815741,1,train
CC(c1cncs1)c1c(CCN(C)C)sc2ccccc12,5.2,-0.7160033436347992,1,test
CC(c1c(CCN(C)C)sc2ccccc12)n1ccnc1,122.0,-2.0863598306747484,1,train
CC(c1c(CCN(C)C)sc2ccccc12)n1cccn1,4.4,-0.6434526764861874,1,train
CCOCCn1c(N2CCC(N(C)C)C2)nc2ccccc21,4.8,-0.6812412373755872,0,test
COc1ccc(Cn2c(N3CCC(N(C)C)C3)nc3ccccc32)cc1,8.4,-0.9242792860618816,0,test
C1=C(N2CCNCC2)c2nccn2Cc2ccccc21,0.631,0.1999706407558656,0,train
O=C(O)CCN1CCN(C2=Cc3ccccc3Cn3ccnc32)CC1,50.12,-1.7000110623221123,0,train
CC(C)(CN1CCN(C2=Cc3ccccc3Cn3ccnc32)CC1)C(=O)O,25.12,-1.4000196350651586,0,train
CC(C)(CN1CCCN(C2=Cc3ccccc3Cn3ccnc32)CC1)C(=O)O,50.12,-1.7000110623221123,0,train
CC1CN(C2=Cc3ccccc3Cn3ccnc32)CC(C)N1CCC(=O)O,19.95,-1.299942900022767,0,train
C=C(CN1CCN(C2=Cc3ccccc3Cn3ccnc32)CC1)C(=O)O,31.62,-1.4999618655961902,0,train
O=C(O)C1CC(N2CCN(C3=Cc4ccccc4Cn4ccnc43)CC2)C1,18.855,-1.275426536741639,0,train
Cc1nc2n(c1C)Cc1ccccc1C=C2N1CCN(CC(C)(C)C(=O)O)CC1,39.81,-1.599992177584098,0,train
Cc1cn2c(n1)C(N1CCN(CC(C)(C)C(=O)O)CC1)=Cc1ccccc1C2,50.12,-1.7000110623221123,0,train
CC(C)(CN1CCN(C2=Cc3ccccc3Cn3cc(Cl)nc32)CC1)C(=O)O,79.43,-1.899984562549391,0,train
CC(C)(CN1CCN(C2=Cc3ccccc3Cn3c(Cl)cnc32)CC1)C(=O)O,39.81,-1.599992177584098,0,train
CC(C)(CN1CCN(C2=Cc3ccccc3Cn3cc(F)nc32)CC1)C(=O)O,39.81,-1.599992177584098,0,train
COc1cnc2n1Cc1ccccc1C=C2N1CCN(CC(C)(C)C(=O)O)CC1,125.89,-2.099991233544684,0,train
O=C(Cc1ccccc1)NC1CCN(CCCN2C(=O)COc3ccccc32)CC1,780.0,-2.8920946026904804,0,train
CCCCC1CCN(CCCC(=O)c2ccccc2C)CC1,610.0,-2.785329835010767,0,test
FC(F)(F)c1ccc(SCC(c2ccncc2)c2c[nH]cn2)cc1,540.0,-2.7323937598229686,0,train
O=C(O)C1CCCN(C2CCC3(C2)C(=O)c2cc(Cl)ccc2Oc2ccccc23)C1,199.53,-2.300008202553813,0,train
O=C(O)C1CCN(C2CCC3(C2)C(=O)c2cc(F)ccc2Sc2ccccc23)CC1,199.53,-2.300008202553813,0,train
O=C(O)C1CCN(C2CCC3(C2)C(=O)c2cc(Cl)ccc2Oc2ccccc23)CC1,1000.0,-3.0,0,train
O=C(O)C1=CCCN(C2CCC3(C2)C(=O)c2ccccc2Cc2ccccc23)C1,79.43,-1.899984562549391,0,test
O=C(O)C1CN(C2CCC3(Cc4ccccc4Oc4ccccc43)C2)C1,50.12,-1.7000110623221123,0,train
O=C(O)C1CCCN(C2CCC3(Cc4ccccc4Oc4ccccc43)C2)C1,125.89,-2.099991233544684,0,train
O=C(O)C1(F)CCN(C2CCC3(Cc4ccccc4Oc4ccccc43)C2)CC1,158.49,-2.200001865406602,0,train
O=C(O)C1CCN(C2CCC3(Cc4ccccc4Oc4ccccc43)C2)CC1,79.43,-1.899984562549391,0,test
O=C(O)C1=CCN(C2CCC3(Cc4ccccc4Oc4ccccc43)C2)CC1,50.12,-1.7000110623221123,0,train
O=C(O)C1=CCCN(C2CCC3(Cc4ccccc4Oc4ccccc43)C2)C1,100.0,-2.0,0,train
O=C(O)C=C1CN(C2CCC3(Cc4ccccc4Cc4ccccc43)C2)C1,199.53,-2.300008202553813,0,train
O=C(O)CC1CN(C2CCC3(Cc4ccccc4Cc4ccccc43)C2)C1,316.23,-2.500003068051693,1,test
O=C(O)C1CN(C2CCC3(Cc4ccccc4Cc4ccccc43)C2)C1,6.31,-0.8000293592441343,1,train
O=C(O)C12CC1CN(C1CCC3(Cc4ccccc4Cc4ccccc43)C1)C2,31.62,-1.4999618655961902,0,train
O=C(O)C1C2CN(C3CCC4(Cc5ccccc5Cc5ccccc54)C3)CC21,39.81,-1.599992177584098,0,train
O=C(O)CC1CCN(C2CCC3(Cc4ccccc4Cc4ccccc43)C2)C1,31.62,-1.4999618655961902,1,train
CC1(C(=O)O)CCN(C2CCC3(Cc4ccccc4Cc4ccccc43)C2)C1,12.59,-1.1000257301078626,1,train
O=C(O)C1CCN(C2CCC3(Cc4ccccc4Cc4ccccc43)C2)C1,15.85,-1.2000292665537704,1,train
O=C(O)C1CN(C2CCC3(Cc4ccccc4Cc4ccccc43)C2)CCN1,100.0,-2.0,1,test
O=C(O)C1CN(C2CCC3(Cc4ccccc4Cc4ccccc43)C2)CCO1,63.1,-1.8000293592441343,0,train
O=C(O)C1(F)CCCN(C2CCC3(Cc4ccccc4Cc4ccccc43)C2)C1,794.33,-2.900000965153469,1,train
O=C(O)C1CCCN(C2CCC3(Cc4ccccc4Cc4ccccc43)C2)C1,19.95,-1.299942900022767,0,train
O=C(O)CC1CCN(C2CCC3(Cc4ccccc4Cc4ccccc43)C2)CC1,25.12,-1.4000196350651586,1,test
O=C(O)C1(F)CCN(C2CCC3(Cc4ccccc4Cc4ccccc43)C2)CC1,39.81,-1.599992177584098,1,train
O=C(O)C1(O)CCN(C2CCC3(Cc4ccccc4Cc4ccccc43)C2)CC1,50.12,-1.7000110623221123,0,train
CC1(C(=O)O)CCN(C2CCC3(Cc4ccccc4Cc4ccccc43)C2)CC1,50.12,-1.7000110623221123,0,train
O=C(O)C1CCN(C2CCC3(Cc4ccccc4Cc4ccccc43)C2)CC1,50.12,-1.7000110623221123,1,train
O=C(O)C1=CCN(C2CCC3(Cc4ccccc4Cc4ccccc43)C2)CC1,39.81,-1.599992177584098,0,train
O=C(O)C1=CCCN(C2CCC3(Cc4cc(F)ccc4Cc4ccccc43)C2)C1,39.81,-1.599992177584098,0,train
COC(=O)C1=CCCN(C2CCC3(Cc4ccccc4Cc4ccccc43)C2)C1,15.85,-1.2000292665537704,0,train
CN(C)C1CCC2(Cc3ccccc3Cc3ccccc32)C1,3.981,-0.599992177584098,0,train
COc1cccc(C(O)C2CCN(CCc3ccc(F)cc3)CC2)c1OC,1000.0,-3.0,0,train
CN1CCC(=C2c3ccccc3CC(=O)c3sccc32)CC1,0.14825,0.8290052979636998,0,test
COC(=O)CCCCCN1CCC(CNC(=O)c2c3n(c4ccccc24)CCCO3)CC1,1258.93,-3.100001582801352,0,train
Fc1cccc(CCNC2C3C4CC5C6C4CC3C6C52)c1,2376.0,-3.375846436309156,0,test
CCN(C)CCC1=C(Cc2cnccn2)c2ccccc2C1,7.2,-0.8573324964312685,0,train
CCCN(C)CCC1=C(Cc2cnccn2)c2ccccc2C1,41.0,-1.6127838567197357,1,train
CN(CCF)CCC1=C(Cc2cnccn2)c2ccccc2C1,24.0,-1.380211241711606,0,train
CC(C1=C(CCN(C)CCF)Cc2ccccc21)c1cnccn1,13.0,-1.1139433523068367,1,train
CC(C1=C(CCN(C)CC#N)Cc2ccccc21)c1cnccn1,32.0,-1.505149978319906,1,train
CC(C1=C(CCN(C)CCC#N)Cc2ccccc21)c1cnccn1,109.0,-2.037426497940624,1,train
CC(C1=C(CCN(C)CCC(F)(F)F)Cc2ccccc21)c1cnccn1,91.0,-1.9590413923210936,0,test
c1ccc2c(c1)CC(CCN1CCC1)=C2Cc1cnccn1,4.3,-0.6334684555795865,0,train
c1ccc2c(c1)CC(CCN1CCCC1)=C2Cc1cnccn1,2.8,-0.4471580313422192,0,train
FC1CN(CCC2=C(Cc3cnccn3)c3ccccc3C2)C1,49.0,-1.6901960800285136,1,train
FC1(F)CN(CCC2=C(Cc3cnccn3)c3ccccc3C2)C1,4605.0,-3.663229634532868,1,test
FC1(F)CCN(CCC2=C(Cc3cnccn3)c3ccccc3C2)C1,249.0,-2.3961993470957363,1,train
FC1CCN(CCC2=C(Cc3cnccn3)c3ccccc3C2)C1,10.5,-1.021189299069938,1,test
CC(C1=C(CCN(C)Cc2ccco2)Cc2ccccc21)c1cnccn1,8.1,-0.9084850188786496,1,train
CC(C1=C(CCN(C)Cc2cccs2)Cc2ccccc21)c1cnccn1,6.7,-0.8260748027008264,1,train
CC(C1=C(CCN(C)Cc2nccs2)Cc2ccccc21)c1cnccn1,48.0,-1.6812412373755872,0,train
CC(C1=C(CCN(C)Cc2ncco2)Cc2ccccc21)c1cnccn1,162.0,-2.2095150145426308,1,train
CC(C1=C(CCN(C)Cc2ncc[nH]2)Cc2ccccc21)c1cnccn1,8.8,-0.9444826721501688,1,train
CC(C1=C(CCN(C)Cc2nccn2C)Cc2ccccc21)c1cnccn1,28.0,-1.4471580313422192,0,train
CC(C1=C(CCN(C)Cc2ccccn2)Cc2ccccc21)c1cnccn1,13.9,-1.1430148002540952,1,train
CC(C1=C(CCN(C)Cc2ccncc2)Cc2ccccc21)c1cnccn1,4.9,-0.6901960800285137,1,train
CC(C1=C(CCN(C)Cc2cnccn2)Cc2ccccc21)c1cnccn1,24.7,-1.3926969532596658,0,train
CC(C1=C(CCN(C)CC2CCOCC2)Cc2ccccc21)c1cnccn1,15.2,-1.1818435879447726,1,train
COc1ccc(Cc2nn(CC3CCCN3C)c(=O)c3ccccc23)cc1OC,1584.89,-3.1999991251967965,1,test
COC(=O)c1ccc(Cc2nn(CC3CCCN3C)c(=O)c3ccccc23)cc1,630.96,-2.800001827817969,1,test
CN1CCCC1Cn1nc(CC2CCCCC2)c2ccccc2c1=O,79.43,-1.899984562549391,0,train
CN1CCCC1Cn1nc(Cc2ccc(C(C)(C)C)cc2)c2ccccc2c1=O,398.11,-2.60000308662774,0,train
CN1CCCC1CCn1nc(Cc2ccc(Cl)cc2)c2ccccc2c1=O,63.1,-1.8000293592441343,0,train
O=c1c2ccccc2c(Cc2ccc(Cl)cc2)nn1CCNCCCCc1ccc(OCCCN2CCCCCC2)cc1,39.81,-1.599992177584098,0,train
CN1CCCC1Cn1nc(CCc2ccccc2)c2ccccc2c1=O,31.62,-1.4999618655961902,1,test
CN(C)CCCn1nc(Cc2ccc(Cl)cc2)c2ccccc2c1=O,10.0,-1.0,1,train
CN1CCC(Cn2nc(Cc3ccc(Cl)cc3)c3ccccc3c2=O)C1,6.31,-0.8000293592441343,0,train
CCOc1ccc(Cc2nn(CC3CCCN3C)c(=O)c3ccccc23)cc1,5.012,-0.7000110623221123,1,train
CN1CCCCC(n2nc(Cc3ccc(Cl)cc3)c3ccccc3c2=O)C1,2.512,-0.4000196350651585,0,train
COc1cccc(Cc2nn(CC3CCCN3C)c(=O)c3ccccc23)c1,1.995,-0.2999429000227671,1,test
CN1CCCC1Cn1nc(Cc2cccc(Cl)c2)c2ccccc2c1=O,1.585,-0.2000292665537703,0,test
CCCCCc1nn(CC2CCCN2C)c(=O)c2ccccc12,1.585,-0.2000292665537703,0,train
CN1CCCC(n2nc(Cc3ccc(Cl)cc3)c3ccccc3c2=O)CC1,1.202,-0.0799044676667207,0,train
CN1CCC(n2nc(Cc3ccc(Cl)cc3)c3ccccc3c2=O)CC1,1.0,-0.0,0,test
Cc1cccc(Cc2nn(CC3CCCN3C)c(=O)c3ccccc23)c1,0.7943,0.100015437450609,0,train
CN1CCCC1Cn1nc(Cc2cccc(F)c2)c2ccccc2c1=O,0.5012,0.2999889376778876,1,train
CN1CCCC1Cn1nc(Cc2ccc(F)cc2)c2ccccc2c1=O,0.3162,0.5000381344038098,1,test
CN(C)CCn1nc(Cc2ccc(Cl)cc2)c2ccccc2c1=O,0.2512,0.5999803649348415,1,train
CN1CCCC1Cn1nc(Cc2ccc(F)c(F)c2)c2ccccc2c1=O,0.2512,0.5999803649348415,0,train
Cc1ccc(Cc2nn(CC3CCCN3C)c(=O)c3ccccc23)cc1,0.1995,0.700057099977233,1,train
CN1CCCC1Cn1nc(Cc2ccc(O)cc2)c2ccccc2c1=O,0.1585,0.7999707334462297,1,train
COc1ccc(Cc2nn(CC3CCCN3C)c(=O)c3ccccc23)cc1,0.1,1.0,1,train
O=C(CCCN1C2C3C4CC5C6C4C2C6C1(O)C53)c1ccc(F)cc1,2372.0,-3.375114684692225,0,train
CN1C2CCC1CC(OC(c1ccccc1)c1ccccc1)C2,0.37,0.431798275933005,0,train
Clc1ccc2c(c1)C(N1CCNCC1)=Nc1ccccc1O2,11.0,-1.041392685158225,0,train
CC(C)(C)c1ccc(C(=O)CCCN2CCC(OC(c3ccccc3)c3ccccc3)CC2)cc1,3.287,-0.5167997040816243,0,train
Fc1ccc(C(c2ccc(F)cc2)N2CCN(C/C=C/c3ccccc3)CC2)cc1,18.0,-1.255272505103306,0,train
O=C(CCCN1CC=C(n2c(=O)[nH]c3ccccc32)CC1)c1ccc(F)cc1,525.0,-2.720159303405957,0,train
CN1CCCC1CCOC(C)(c1ccccc1)c1ccc(Cl)cc1,0.049,1.3098039199714864,0,train
CN(C)CCOC(c1ccccc1)c1ccccc1,17.395,-1.2404244330836078,1,train
CN(C)CCC=C1c2ccccc2COc2ccccc21,0.165,0.7825160557860937,1,train
CN(C)CCCC1(c2ccc(F)cc2)OCc2cc(C#N)ccc21,371.0,-2.569373909615046,0,train
CN1CCN(C(c2ccccc2)c2ccccc2)CC1,4.443,-0.6476763132408708,0,train
Clc1ccccc1C(c1ccccc1)(c1ccccc1)n1ccnc1,3416.0,-3.5335178620169674,0,train
C(=C/c1ccccc1)\CN1CCN(C(c2ccccc2)c2ccccc2)CC1,8.622,-0.9356080185178692,0,train
CN1CCC(=C2c3ccccc3C=Cc3ccccc32)CC1,0.43,0.3665315444204134,0,train
O=c1[nH]c2ccccc2n1CCCN1CCC(n2c(=O)[nH]c3cc(Cl)ccc32)CC1,156.0,-2.1931245983544616,0,train
CN(C)CCCN1c2ccccc2CCc2ccc(Cl)cc21,9.827,-0.9924209560520242,0,test
Cc1ccccc1C(OCCN(C)C)c1ccccc1,144.0,-2.1583624920952498,0,train
CN(C)CCCN1c2ccccc2Sc2ccccc21,0.399,0.3990271043132517,1,train
CC(CN1c2ccccc2Sc2ccccc21)N(C)C,0.334,0.4762535331884355,0,test
NC(=O)C1CCN(CCCN2c3ccccc3Sc3ccc(Cl)cc32)CC1,1.154,-0.0622058088197125,0,test
CNCCC=C1c2ccccc2CCc2ccccc21,5.862,-0.7680458141024167,0,test
CN1CCN(CCCN2c3ccccc3Sc3ccc(Cl)cc32)CC1,2.794,-0.4462264017781631,0,test
CN1CC(CNC(=O)OCc2ccccc2)CC2c3cccc4c3c(cn4C)CC21,480.0,-2.681241237375587,0,train
CCN(CC)C(=O)NC1C=C2c3cccc4[nH]cc(c34)CC2N(C)C1,19.0,-1.2787536009528289,1,train
CN(C)CCN(Cc1cccs1)c1ccccn1,1.802,-0.2557547866430441,0,train
CN1CCCC(CN2c3ccccc3Sc3ccccc32)C1,3.126,-0.4949889736831681,0,train
O=c1n(CCCN2CCN(c3cccc(Cl)c3)CC2)nc2ccccn12,42.0,-1.6232492903979006,0,train
CSc1ccc2c(c1)N(CCC1CCCCN1C)c1ccccc1S2,8.412,-0.9248992640142836,0,train
CCCCCCCCNC(C)C(O)c1ccc(SC(C)C)cc1,2475.9,-3.3937330998290083,0,train
COc1ccc(CN(CCNC2CCN(C(=O)c3cc4ccccc4[nH]3)C2)c2ccccn2)cc1,457.09,-2.6600017201028834,1,train
O=C(c1cc2ccccc2[nH]1)N1CCN(CCOC(c2ccccc2)c2ccccc2)CC1,223.87,-2.3499958992628565,0,train
COc1ccc(CN(CCN2CCN(C(=O)c3nc4ccccc4[nH]3)CC2)c2ccccn2)cc1,602.56,-2.780000298336571,0,test
COc1ccc(CN(CCN2CCN(C(=O)c3cc4cc(Cl)ccc4[nH]3)CC2)c2ccccn2)cc1,776.25,-2.8900016131846367,0,train
COc1ccc(CN(CCN2CCN(C(=O)c3cc4ccccc4[nH]3)CC2)c2ccccn2)cc1,169.82,-2.229988836544811,1,test
c1ccc(Cc2ccccc2OC2CCNCC2)cc1,6.154999999999999,-0.7892280572673351,1,train
CN1CCN(c2nc(N3CCCC3)c3cnn(C)c3n2)CC1,61.83,-1.7911992464988753,0,train
NC1=NC(c2ccccc2)n2c(nc3ccccc32)N1,426.58,-2.630000489900912,0,train
Cc1cccc2c(CCN)cn(Cc3ccccc3)c12,537.03,-2.7299985472834227,0,test
CN(C)CCSc1nc2ccccc2c2nnnn12,707.95,-2.850002586092461,0,train
OCCN1CCN(c2ncnc3sccc23)CC1,707.95,-2.850002586092461,0,train
CNCCCOc1cccc2ccccc12,794.33,-2.900000965153469,0,train
c1cnc2c(c1)cc(C1CCCO1)n2CCN1CCCCC1,1778.28,-3.2500001440812936,0,train
C1CCN(c2nc(N3CCCC3)nc(N3CCNCC3)n2)C1,1905.46,-3.279999836361079,0,train
CNCC(O)CN1c2ccccc2C2CCCCC21,2290.87,-3.360000444979648,0,train
c1ccc2c(c1)nc1n(CCN3CCCCC3)cnn21,2630.27,-3.4200003315663743,0,test
c1ccc2c(N3CCN(C4CCCC4)CC3)ncnc2c1,3235.94,-3.510000460433903,0,train
c1ccc2c(c1)n(CCN1CCCCC1)c1ncnn21,4168.69,-3.619999600500459,0,test
OCCN1CCN(c2ncnc3c2oc2ccccc23)CC1,5370.32,-3.730000164674158,0,train
OC(CNC1CC1)Cn1c2ccccc2c2ccccc21,6309.57,-3.799999762890647,0,test
C=CCn1c(=N)n(CC(=O)c2ccccc2)c2ccccc21,10715.19,-4.029999876284985,0,train
NCCc1ccccc1Oc1ccccc1,10964.78,-4.03999992231135,0,train
CN(C)C(=O)CN1CCCC(c2nc3ccccc3n2Cc2ccc(F)cc2)C1,7.300000000000001,-0.8633228601204559,0,train
CCN(CC)C(=O)CN1CCCC(c2nc3ccccc3n2Cc2ccc(F)cc2)C1,6.3,-0.7993405494535817,0,train
O=C(CN1CCCC(c2nc3ccccc3n2Cc2ccc(F)cc2)C1)N1CCCCC1,4.9,-0.6901960800285137,0,train
O=C(CN1CCCC(c2nc3ccccc3n2Cc2ccc(F)cc2)C1)N1CCOCC1,16.6,-1.2201080880400552,0,train
Fc1ccc(Cn2c(C3CCCN(Cc4ncco4)C3)nc3ccccc32)cc1,10.6,-1.0253058652647702,0,train
OCCN1CCCC(c2nc3ccccc3n2Cc2ccc(F)cc2)C1,1.0,-0.0,0,train
Fc1ccc(Cn2c(C3CCCNC3)nc3ccccc32)cc1,1.2,-0.0791812460476248,1,train
c1ccc(OCCn2c(C3CCCNC3)nc3ccccc32)cc1,1.0,-0.0,0,train
CN1CCCC(c2nc3ccccc3n2CCOc2ccccc2)C1,0.8,0.0969100130080563,0,train
CN(C)C(=O)CN1CCCC(c2nc3ccccc3n2CCOc2ccccc2)C1,8.4,-0.9242792860618816,0,train
c1ccc(OCCn2c(C3CCCN(Cc4ncco4)C3)nc3ccccc32)cc1,24.6,-1.390935107103379,0,train
Cc1ccc(Cn2c(C3CNCCO3)nc3ccccc32)cc1,1.0,-0.0,1,train
Fc1ccc(Cn2c(C3CNCCO3)nc3ccccc32)cc1,0.8,0.0969100130080563,1,train
Cc1ccc(Cn2c(C3CNCCS3)nc3ccccc32)cc1,1.4,-0.146128035678238,1,train
Fc1ccc(Cn2c(C3CNCCS3)nc3ccccc32)cc1,1.3,-0.1139433523068367,1,train
Fc1ccc(OCCCN2CCN(c3ccccc3)CC2)cc1,62.9,-1.7986506454452689,0,train
c1ccc(OCCCN2CCN(c3ccccc3)CC2)cc1,67.9,-1.8318697742805017,0,train
Fc1ccc(CCCCN2CCN(c3ccccn3)CC2)cc1,167.0,-2.2227164711475837,0,test
Fc1ccc(SCCCN2CCN(c3ccccn3)CC2)cc1,212.0,-2.326335860928752,0,train
Fc1ccc(OCCCN2CCN(c3ccccn3)CC2)cc1,262.0,-2.418301291319745,0,train
Fc1ccc(SCCCN2CCCN(c3ccc(Cl)cc3)CC2)cc1,800.2,-2.903198547042978,0,train
Fc1ccc(OCCCN2CCCN(c3ccc(Cl)cc3)CC2)cc1,509.0,-2.7067177823367587,0,test
Fc1ccc(CCCCN2CCCN(c3ccc(Cl)cc3)CC2)cc1,1247.0,-3.0958664534785427,0,train
Clc1ccc(N2CCCN(CCCCc3nc4ccccc4s3)CC2)cc1,61.0,-1.7853298350107671,1,train
Clc1ccc(N2CCCN(CCCc3nc4ccccc4s3)CC2)cc1,665.0,-2.8228216453031045,1,train
O=C(CCCCN1CCCN(c2ccc(Cl)cc2)CC1)c1nc2ccccc2s1,129.0,-2.110589710299249,0,train
OC1(c2ccc(Cl)cc2)CC2CCC(C1)N2CCCCc1nc2ccccc2s1,187.0,-2.271841606536499,0,train
CC1CCCN1CCc1cc2cc(C(=O)c3ccc(F)cc3)ccc2o1,5440.0,-3.73559889969818,0,test
O=C(CCCCN1CCN(c2ccc(Cl)cc2)CC1)c1nc2ccccc2s1,46.0,-1.662757831681574,0,train
O=C(CCCCN1CCC(c2ccccc2)CC1)c1nc2ccccc2s1,52.0,-1.7160033436347992,0,train
CCCCN1CCCC1Cn1nc(Cc2ccc(Cl)cc2)c2ccccc2c1=O,0.912,0.0400051616715838,0,train
COCCN1CCCC1Cn1nc(Cc2ccc(Cl)cc2)c2ccccc2c1=O,0.5129,0.2899673009342464,0,train
CN1CCCC1Cn1nc(Cc2ccc(Cl)cc2)c2ccncc2c1=O,0.6918,0.1600194423216573,0,test
CN1CCCC1Cn1nc(Cc2ccc(Cl)cc2)c2cnccc2c1=O,0.3467,0.4600461583436033,0,test
CCCCN1CCCC1Cn1nc(Cc2ccc(Cl)cc2)c2cnccc2c1=O,0.3981,0.400007822415902,0,train
COCCN1CCCC1Cn1nc(Cc2ccc(Cl)cc2)c2cnccc2c1=O,0.2512,0.5999803649348415,0,train
CN1CCCC1Cn1nc(Cc2ccc(Cl)cc2)c2cccnc2c1=O,0.3548,0.4500163888403112,0,train
CCCCN1CCCC1Cn1nc(Cc2ccc(Cl)cc2)c2cccnc2c1=O,0.631,0.1999706407558656,0,train
COCCN1CCCC1Cn1nc(Cc2ccc(Cl)cc2)c2cccnc2c1=O,1.0,-0.0,0,test
CN1CCCC1Cn1nc(Cc2ccc(Cl)cc2)c2ncccc2c1=O,0.3162,0.5000381344038098,0,train
CCCCN1CCCC1Cn1nc(Cc2ccc(Cl)cc2)c2ncccc2c1=O,0.631,0.1999706407558656,0,test
COCCN1CCCC1Cn1nc(Cc2ccc(Cl)cc2)c2ncccc2c1=O,0.537,0.2700257143004443,0,train
CN1CCCC1Cn1nc(Cc2ccc(Cl)cc2)c2nccnc2c1=O,1.288,-0.1099158630237933,0,train
Cc1cc(F)ccc1OC1CCN(CC2CCN(C(C)(Cc3ccc(F)cc3)C(=O)O)CC2)CC1,79.43,-1.899984562549391,0,train
Cc1cc(OC2CCN(CC3CCN(C(C)(Cc4ccc(F)cc4)C(=O)O)CC3)CC2)ccc1Cl,50.12,-1.7000110623221123,0,train
Cc1cc(Cl)ccc1OC1CCN(CC2CCN(C(C)(Cc3ccc(F)cc3)C(=O)O)CC2)CC1,158.49,-2.200001865406602,0,train
Cc1c(OC2CCN(CC3CCN(C(C)(Cc4ccccc4)C(=O)O)CC3)CC2)ccc(Cl)c1Cl,199.53,-2.300008202553813,0,train
Cc1c(OC2CCN(CC3CCN(C(Cc4ccccc4)C(=O)O)CC3)CC2)ccc(Cl)c1Cl,63.1,-1.8000293592441343,0,train
CC(Cc1ccc(F)cc1)(C(=O)O)N1CCC(CN2CCC(Oc3ccc(Cl)c(Cl)c3)CC2)CC1,79.43,-1.899984562549391,0,train
CC(Cc1ccccc1)(C(=O)O)N1CCC(CN2CCC(Oc3ccc(Cl)c(Cl)c3)CC2)CC1,100.0,-2.0,0,train
Cc1c(OC2CCN(CC3CCN(C(Cc4ccc(F)cc4)C(=O)O)CC3)CC2)ccc(C#N)c1Cl,501.19,-2.7000023971422538,1,train
Cc1c(OC2CCN(CC3CCN(C(Cc4ccc(F)cc4)C(=O)O)CC3)CC2)ccc(Cl)c1Cl,31.62,-1.4999618655961902,1,train
Cc1c(Cl)ccc(OC2CCN(CC3CCN(C(Cc4ccc(F)cc4)C(=O)O)CC3)CC2)c1Cl,39.81,-1.599992177584098,0,train
Cc1cc(OC2CCN(CC3CCN(C(Cc4ccc(F)cc4)C(=O)O)CC3)CC2)ccc1Cl,100.0,-2.0,0,train
Cc1cc(F)ccc1OC1CCN(CC2CCN(C(Cc3ccc(F)cc3)C(=O)O)CC2)CC1,158.49,-2.200001865406602,0,train
Cc1cc(Cl)ccc1OC1CCN(CC2CCN(C(Cc3ccc(F)cc3)C(=O)O)CC2)CC1,79.43,-1.899984562549391,0,test
O=C(O)C(Cc1ccc(F)cc1)N1CCC(CN2CCC(Oc3ccc(Cl)cc3Cl)CC2)CC1,100.0,-2.0,0,train
O=C(O)C(Cc1ccc(F)cc1)N1CCC(CN2CCC(Oc3ccc(Cl)cc3)CC2)CC1,398.11,-2.60000308662774,1,train
COc1ccc(CC(C(=O)O)N2CCC(CN3CCC(Oc4ccc(Cl)c(Cl)c4)CC3)CC2)cc1,63.1,-1.8000293592441343,0,train
COc1ccccc1CC(C(=O)O)N1CCC(CN2CCC(Oc3ccc(Cl)c(Cl)c3)CC2)CC1,63.1,-1.8000293592441343,0,train
Cc1ccc(CC(C(=O)O)N2CCC(CN3CCC(Oc4ccc(Cl)c(Cl)c4)CC3)CC2)cc1,79.43,-1.899984562549391,0,train
Cc1cccc(CC(C(=O)O)N2CCC(CN3CCC(Oc4ccc(Cl)c(Cl)c4)CC3)CC2)c1,15.85,-1.2000292665537704,0,test
Cc1ccccc1CC(C(=O)O)N1CCC(CN2CCC(Oc3ccc(Cl)c(Cl)c3)CC2)CC1,31.62,-1.4999618655961902,0,test
N#Cc1ccc(CC(C(=O)O)N2CCC(CN3CCC(Oc4ccc(Cl)c(Cl)c4)CC3)CC2)cc1,15.85,-1.2000292665537704,0,train
N#Cc1cccc(CC(C(=O)O)N2CCC(CN3CCC(Oc4ccc(Cl)c(Cl)c4)CC3)CC2)c1,25.12,-1.4000196350651586,0,test
N#Cc1ccccc1CC(C(=O)O)N1CCC(CN2CCC(Oc3ccc(Cl)c(Cl)c3)CC2)CC1,15.85,-1.2000292665537704,0,train
O=C(O)C(Cc1ccc(F)cc1)N1CCC(CN2CCC(Oc3ccc(Cl)c(Cl)c3)CC2)CC1,50.12,-1.7000110623221123,0,train
O=C(O)C(Cc1cccc(F)c1)N1CCC(CN2CCC(Oc3ccc(Cl)c(Cl)c3)CC2)CC1,125.89,-2.099991233544684,0,train
O=C(O)C(Cc1ccccc1F)N1CCC(CN2CCC(Oc3ccc(Cl)c(Cl)c3)CC2)CC1,50.12,-1.7000110623221123,0,train
O=C(O)C(Cc1ccc(Cl)cc1)N1CCC(CN2CCC(Oc3ccc(Cl)c(Cl)c3)CC2)CC1,31.62,-1.4999618655961902,1,test
O=C(O)C(Cc1ccccc1Cl)N1CCC(CN2CCC(Oc3ccc(Cl)c(Cl)c3)CC2)CC1,50.12,-1.7000110623221123,0,train
O=C(O)c1cccnc1N1CCC(CN2CCC(Oc3ccc(Cl)c(Cl)c3)CC2)CC1,10.0,-1.0,0,test
O=C(O)c1ccc(CN2CCC(CN3CCC(Oc4ccc(Cl)c(Cl)c4)CC3)CC2)cc1,125.89,-2.099991233544684,1,train
O=C(O)c1cccc(CN2CCC(CN3CCC(Oc4ccc(Cl)c(Cl)c4)CC3)CC2)c1,50.12,-1.7000110623221123,0,train
O=C(O)c1ccccc1CN1CCC(CN2CCC(Oc3ccc(Cl)c(Cl)c3)CC2)CC1,63.1,-1.8000293592441343,0,train
O=C(O)COc1ccc(N2CCC(CN3CCC(Oc4ccc(Cl)c(Cl)c4)CC3)CC2)cc1,39.81,-1.599992177584098,0,train
O=C(O)COc1cccc(N2CCC(CN3CCC(Oc4ccc(Cl)c(Cl)c4)CC3)CC2)c1,5.012,-0.7000110623221123,1,test
O=C(O)COc1ccccc1N1CCC(CN2CCC(Oc3ccc(Cl)c(Cl)c3)CC2)CC1,15.85,-1.2000292665537704,0,train
O=C(O)Cc1ccc(N2CCC(CN3CCC(Oc4ccc(Cl)c(Cl)c4)CC3)CC2)cc1,19.95,-1.299942900022767,0,train
O=C(O)Cc1cccc(N2CCC(CN3CCC(Oc4ccc(Cl)c(Cl)c4)CC3)CC2)c1,5.012,-0.7000110623221123,1,test
O=C(O)Cc1ccccc1N1CCC(CN2CCC(Oc3ccc(Cl)c(Cl)c3)CC2)CC1,15.85,-1.2000292665537704,0,train
O=C(O)c1ccc(N2CCC(CN3CCC(Oc4ccc(Cl)c(Cl)c4)CC3)CC2)cc1,63.1,-1.8000293592441343,1,train
O=C(O)c1cccc(N2CCC(CN3CCC(Oc4ccc(Cl)c(Cl)c4)CC3)CC2)c1,5.012,-0.7000110623221123,1,test
O=C(O)c1ccccc1N1CCC(CN2CCC(Oc3ccc(Cl)c(Cl)c3)CC2)CC1,6.31,-0.8000293592441343,0,train
O=C(O)C(c1ccccc1)N1CCCC(CN2CCC(Oc3ccc(Cl)c(Cl)c3)CC2)C1,63.1,-1.8000293592441343,0,test
O=C(O)C(c1ccccc1)N1CCC(N2CCC(Oc3ccc(Cl)c(Cl)c3)CC2)CC1,63.1,-1.8000293592441343,0,train
O=C(c1ccc(F)cc1)C1CCN(CCn2c(=O)[nH]c3ccccc3c2=O)CC1,2.0,-0.3010299956639812,0,test
CS(=O)(=O)c1cccc(C(=O)N2CCC(N3CCC(Oc4ccc(Cl)c(Cl)c4)CC3)CC2)c1,7.943,-0.899984562549391,1,train
Cc1c(Cl)ccc(OC2CCN(C3CCN(S(=O)(=O)NC(=O)c4ccccc4)CC3)CC2)c1Cl,25.12,-1.4000196350651586,0,train
O=C(NS(=O)(=O)N1CCC(N2CCC(Oc3ccc(Cl)c(Cl)c3)CC2)CC1)c1ccccc1,100.0,-2.0,0,train
O=C(NS(=O)(=O)Cc1ccccc1)N1CCC(N2CCC(Oc3ccc(Cl)c(Cl)c3)CC2)CC1,50.12,-1.7000110623221123,0,train
Cc1ccc(S(=O)(=O)NC(=O)N2CCC(N3CCC(Oc4ccc(Cl)cc4)CC3)CC2)cc1,125.89,-2.099991233544684,0,train
Cc1ccc(S(=O)(=O)NC(=O)N2CCC(N3CCC(Oc4ccc(Cl)cc4C)CC3)CC2)cc1,25.12,-1.4000196350651586,1,train
Cc1ccc(S(=O)(=O)NC(=O)N2CCC(N3CCC(Oc4ccc(Cl)cc4Cl)CC3)CC2)cc1,15.85,-1.2000292665537704,0,train
COc1ccccc1S(=O)(=O)NC(=O)N1CCC(N2CCC(Oc3ccc(Cl)c(Cl)c3)CC2)CC1,19.95,-1.299942900022767,0,test
O=C(NS(=O)(=O)c1ccccc1Cl)N1CCC(N2CCC(Oc3ccc(Cl)c(Cl)c3)CC2)CC1,50.12,-1.7000110623221123,0,test
Cc1ccccc1S(=O)(=O)NC(=O)N1CCC(N2CCC(Oc3ccc(Cl)c(Cl)c3)CC2)CC1,50.12,-1.7000110623221123,0,train
O=C(NS(=O)(=O)c1ccccc1)N1CCC(N2CCC(Oc3ccc(Cl)c(Cl)c3)CC2)CC1,31.62,-1.4999618655961902,0,train
O=C(O)CCNc1ccccc1C(=O)N1CCC(N2CCC(Oc3ccc(Cl)c(Cl)c3)CC2)CC1,15.85,-1.2000292665537704,0,train
O=C(O)c1cccc(C(=O)N2CCC(N3CCC(Oc4ccc(Cl)c(Cl)c4)CC3)CC2)c1,125.89,-2.099991233544684,1,train
O=C(O)c1ccccc1C(=O)N1CCC(N2CCC(Oc3ccc(Cl)c(Cl)c3)CC2)CC1,25.12,-1.4000196350651586,0,train
O=C(O)COc1cccc(C(=O)N2CCC(N3CCC(Oc4ccc(Cl)c(Cl)c4)CC3)CC2)c1,100.0,-2.0,1,train
COc1ccc(S(=O)(=O)n2cc(C)c3cc(Cl)cnc32)cc1NC1CCN(C)CC1,586.0,-2.767897616018091,0,test
COc1ccc(S(=O)(=O)n2cc(C)c3cc(Cl)ccc32)cc1NC1CCN(C)CC1,681.8,-2.833656996892872,0,train
O=C(O)Cc1ccc2c(c1)/C(=C/CN1CCCC(Cc3ccccc3)C1)c1ccccc1CO2,20.0,-1.3010299956639813,0,test
COc1ccc(CCN2C3C4C5CC6C7C5C3C7C2(O)C64)cc1,3839.0,-3.584218112117405,0,train
COc1cccc(CCN2C3C4C5CC6C7C5C3C7C2(O)C64)c1,8858.0,-3.94733567594874,0,train
COc1ccccc1CCN1C2C3C4CC5C6C4C2C6C1(O)C53,3727.0,-3.5713593927538394,0,train
Cn1cc(C(=O)NCC(O)CN2CCC(Oc3ccc(Cl)c(Cl)c3)CC2)c(C(F)(F)F)cc1=O,5.012,-0.7000110623221123,0,train
Cc1cc(Cl)ccc1OC1CCN(CC(O)CNC(=O)c2c[nH]c(=O)cc2C(F)(F)F)CC1,10.0,-1.0,0,train
O=C(NCC(O)CN1CCC(Oc2ccc(Cl)c(Cl)c2)CC1)c1c[nH]c(=O)cc1C(F)(F)F,3.981,-0.599992177584098,0,train
O=C(NCC(O)CN1CCC(Oc2ccc(Cl)c(Cl)c2)CC1)c1c[nH]nc1C1CC1,12.59,-1.1000257301078626,0,train
Cc1c(Cl)ccc(OC2CCN(CC(O)CNC(=O)c3c[nH]nc3C(F)(F)F)CC2)c1Cl,39.81,-1.599992177584098,0,train
Cc1cc(Cl)ccc1OC1CCN(CC(O)CNC(=O)c2c[nH]nc2C(F)(F)F)CC1,25.12,-1.4000196350651586,0,test
O=C(NCC(O)CN1CCC(Oc2ccc(Cl)c(Cl)c2)CC1)c1c[nH]nc1C(F)(F)F,15.85,-1.2000292665537704,1,train
Cc1cc(Cl)ccc1OC1CCN(CC(O)CNC(=O)c2c[nH]c(=O)c3c(F)cccc23)CC1,2.512,-0.4000196350651585,0,train
Cc1cc(Cl)ccc1OC1CCN(CC(O)CNC(=O)c2c[nH]c(=O)c3cc(F)ccc23)CC1,12.59,-1.1000257301078626,0,train
N#Cc1ccc(OC2CCN(CC(O)CNC(=O)c3c[nH]c(=O)c4ccccc34)CC2)cc1Cl,125.89,-2.099991233544684,0,train
N#Cc1ccc(OC2CCN(CC(O)CNC(=O)c3c[nH]c(=O)c4ccccc34)CC2)cc1,501.19,-2.7000023971422538,0,train
O=C(NCC(O)CN1CCC(Oc2ccc(Cl)c(Cl)c2)CC1)c1c[nH]c(=O)c2ccccc12,3.981,-0.599992177584098,0,test
N#Cc1cccc(OCC(O)CCN2CCC(Oc3ccc(Cl)c(Cl)c3)CC2)c1,0.3162,0.5000381344038098,1,train
O=C(NCC(O)CN1CCC(Oc2ccc(Cl)c(Cl)c2)CC1)c1n[nH]c(=O)c2ccccc12,6.31,-0.8000293592441343,0,train
O=C(NCC(O)CN1CCC(Oc2ccc(Cl)c(Cl)c2)CC1)c1n[nH]c2ccccc12,7.943,-0.899984562549391,0,train
O=C(NCC(O)CN1CCC(Oc2ccc(Cl)c(Cl)c2)CC1)n1c(=O)[nH]c2ccccc21,19.95,-1.299942900022767,0,train
O=C(NCC(O)CN1CCC(Oc2ccc(Cl)c(Cl)c2)CC1)c1c[nH]c2ccccc12,31.62,-1.4999618655961902,0,test
N#Cc1cccc(OCC(O)CN2CCC(Oc3ccc(Cl)c(Cl)c3)CC2)c1,3.162,-0.4999618655961902,1,train
O=C(NCC(O)CN1CCC(Oc2ccc(Cl)c(Cl)c2)CC1)c1cc(=O)[nH]c2ccccc12,3.981,-0.599992177584098,0,test
O=C(NCC(O)CN1CCC(Oc2ccc(Cl)c(Cl)c2)CC1)c1cnnc2ccccc12,12.59,-1.1000257301078626,0,test
N#Cc1cccc(OCCCN2CCC(Oc3ccc(Cl)c(Cl)c3)CC2)c1,12.59,-1.1000257301078626,0,train
O=C(NCC(O)CN1CCC(Oc2ccc(Cl)c(Cl)c2)CC1)c1cn2cc(F)ccc2n1,15.85,-1.2000292665537704,0,train
N#Cc1cccc(C(=O)NCC(O)CN2CCC(Oc3ccc(Cl)c(Cl)c3)CC2)c1,19.95,-1.299942900022767,0,train
COc1cccc(SCC(O)CN2CCC(Oc3ccc(Cl)c(Cl)c3)CC2)c1,19.95,-1.299942900022767,1,train
COc1cc(C(=O)NCC(O)CN2CCC(Oc3ccc(Cl)c(Cl)c3)CC2)ccc1N,63.1,-1.8000293592441343,0,train
N#Cc1cccc(S(=O)(=O)NCC(O)CN2CCC(Oc3ccc(Cl)c(Cl)c3)CC2)c1,79.43,-1.899984562549391,0,train
CS(=O)(=O)c1ccc(C(=O)NCC(O)CN2CCC(Oc3ccc(Cl)c(Cl)c3)CC2)s1,100.0,-2.0,0,train
CS(=O)(=O)c1ccccc1C(=O)NCC(O)CN1CCC(Oc2ccc(Cl)c(Cl)c2)CC1,199.53,-2.300008202553813,1,test
OC(CNC1CCN(Cc2ccc(Cl)c(Cl)c2)CC1)COc1ccc2ncsc2c1,316.23,-2.500003068051693,0,train
N#Cc1cccc(OCC(O)CNC2CCN(Cc3ccc(Cl)c(Cl)c3)CC2)c1,501.19,-2.7000023971422538,1,train
N#Cc1ccc(OCC(O)CNC2CCN(Cc3ccc(Cl)c(Cl)c3)CC2)cc1,501.19,-2.7000023971422538,1,train
CS(=O)(=O)c1ccccc1C(=O)NCC(O)CNC1CCN(Cc2ccc(Cl)c(Cl)c2)CC1,1258.93,-3.100001582801352,0,test
CCCc1ccc2c(c1)sc(=O)n2CCN1CCCCCC1,311.0,-2.492760389026837,0,train
CNC1CN(c2nc(N)nc3cc(C4CC4)cnc23)C1,20892.96,-4.31999997279984,0,test
CNC1CN(c2nc(N)nc3cc(C4CCCC4)cnc23)C1,16595.87,-4.220000024222507,0,train
CCc1cnc2c(N3CCC(NC)C3)nc(N)nc2c1,11220.18,-4.049999824155409,0,train
CCc1cnc2c(N3CC(NC)C3)nc(N)nc2c1,33884.42,-4.530000056216112,0,train
O=C(OCCN1CCCC1)N1c2ccccc2Sc2ccccc21,29.0,-1.462397997898956,0,train
CCN(CC)CCCOC(=O)N1c2ccccc2Sc2ccccc21,430.0,-2.633468455579586,0,train
COc1ccccc1N1CCN(CCCCn2ncc(=O)n(C)c2=O)CC1,1030.0,-3.012837224705172,0,train
Cn1c(=O)cnn(CCCCN2CCN(c3ccccc3OCCF)CC2)c1=O,512.0,-2.709269960975831,0,train
COc1cc2nc(C3CC3)nc(N3CCN(c4ccccc4OC)CC3)c2cc1OC,1420.0,-3.1522883443830567,0,train
C1C2C3CC4C2C(NCC25C6C7C8C6C2C8C75)C2C1C3C42,4736.0,-3.6754116937148633,0,train
c1cc2c(cc1CNC1C3C4CC5C6C4CC3C6C51)OCO2,4178.0,-3.62096843564429,0,train
COc1cc(CNC2C3C4CC5C6C4CC3C6C52)cc(OC)c1OC,5569.0,-3.745777217889759,0,train
COc1ccc(CNC2C3C4CC5C6C4CC3C6C52)cc1OC,1359.0,-3.1332194567324945,0,train
Cc1ccc2nc(C(F)(F)F)cc(N3CCNCC3)c2c1,399.0,-2.6009728956867484,0,train
c1ccc(COc2ccc3c(c2)CCN(CC2CC2)CC3)cc1,1000.0,-3.0,0,train
c1cc2c(cc1OCCCN1CCCCC1)CCN(CC1CCCO1)CC2,1995.26,-3.299999496116984,0,train
c1cc2c(cc1OCCCN1CCCCC1)CCN(CC1CC1)CC2,1995.26,-3.299999496116984,0,train
c1ccc(N2CCc3ccc(OCCCN4CCCCC4)cc3CC2)cc1,1000.0,-3.0,0,train
c1cc2c(cc1OCCCN1CCCCC1)CCNCC2,1258.93,-3.100001582801352,0,train
O=C1CCCN1c1ccc(Oc2ccc3c(c2)CCN(C2CCC2)CC3)nc1,2511.89,-3.40000061697638,0,train
CNC(=O)c1cnc(Oc2ccc3c(c2)CCN(C2CCC2)CC3)cn1,1584.89,-3.1999991251967965,0,train
CN1CCc2c(c3cccc4c3n2Cc2ccccc2C4)C1,47.93,-1.6806074289917878,0,test
CN1CCC2C(C1)c1cccc3c1N2c1ccccc1CS3,3.162,-0.4999618655961902,1,train
CC(NCc1ccc(OCCCN2CCCCC2)cc1)C(N)=O,31622.78,-4.500000046671104,0,train
O=C1NC(c2ccccc2)(c2ccccc2)C(=O)N1CCCN1CCCCC1,6165.95,-3.7899999986888777,0,train
O=C1NC(c2ccccc2)(c2ccccc2)C(=O)N1Cc1ccc(OCCCN2CCCCC2)cc1,2238.72,-3.349999779126545,0,test
Clc1ccc(CCCOCCCN2CCCCC2)cc1,1148.15,-3.0599986301496918,0,test
c1cnc(N2CCN(CCCc3nc4ccccc4s3)CC2)nc1,727.22,-2.861665814342345,0,train
O=S(=O)(NCCCCN1CCC(c2noc3cc(F)ccc23)CC1)c1cc2ccccc2s1,69.0,-1.8388490907372552,0,train
OC1(c2ccc(Cl)cc2)CCN(CCCCc2ccc(F)cc2)CC1,128.5,-2.1089031276673134,0,train
OC1(c2ccc(Cl)cc2)CCN(CCCOc2ccc(F)cc2)CC1,698.6,-2.844228581301628,0,train
OC1(c2ccc(Cl)cc2)CCN(CCCSc2ccc(F)cc2)CC1,115.0,-2.060697840353612,0,train
OC1(c2ccc(Cl)cc2)CC2CCC(C1)N2CCCSc1ccc(F)cc1,977.0,-2.989894563718773,0,train
OC1(c2ccc(Cl)cc2)CC2CCC(C1)N2CCCSc1cccc(F)c1,1207.0,-3.081707270097349,0,train
OC1(c2ccc(Cl)cc2)CC2CCC(C1)N2CCCSc1ccccc1F,1009.0,-3.0038911662369108,0,train
O=C(NCCCCN1CCN(c2ccccc2)CC1)c1ccc2ncccc2c1,110.0,-2.041392685158225,0,test
CCOC(=O)N1CCC(=C2c3ccc(Cl)cc3CCc3cc(OC)cnc32)CC1,1955.0,-3.291146761731885,0,train
CCCC(=O)N1CCC(=C2c3ccc(Cl)cc3CCc3cccnc32)CC1,171.0,-2.2329961103921536,1,test
CC(C)COC(=O)N1CCC(=C2c3ccc(Cl)cc3CCc3cccnc32)CC1,1274.0,-3.105169427999332,0,test
C/C=C/C(=O)N1CCC(=C2c3ccc(Cl)cc3CCc3cccnc32)CC1,153.0,-2.184691430817599,0,train
CC(C)CC(=O)N1CCC(=C2c3ccc(Cl)cc3CCc3cccnc32)CC1,289.0,-2.460897842756548,0,train
CCCCC(=O)N1CCC(=C2c3ccc(Cl)cc3CCc3cccnc32)CC1,147.0,-2.167317334748176,0,train
O=C(CC1CCCCC1)N1CCC(=C2c3ccc(Cl)cc3CCc3cccnc32)CC1,441.0,-2.6444385894678386,0,test
CC(C)CC(N)C(=O)N1CCC(=C2c3ccc(Cl)cc3CCc3cccnc32)CC1,4647.0,-3.667172672478869,0,train
NC(=O)c1ccccc1OCCCN1CCN(c2cccc3c2ccn3S(=O)(=O)c2ccccc2)CC1,160.0,-2.204119982655925,0,train
COc1ccc(CCN(CCCc2ccccc2)CCc2ccc3c(c2)OCO3)cc1OC,1297.0,-3.11293997608408,0,train
C=CCN(CC=C)CCc1c[nH]c2ccc(Br)cc12,100.0,-2.0,0,train
C=CCN(CC=C)CCc1c[nH]c2ccc(C)cc12,676.08,-2.8299980886973795,0,test
C=CCN(CC=C)CCc1c[nH]c2ccccc12,125.89,-2.099991233544684,0,train
C=CCN(CC=C)CCc1c[nH]c2ccc(F)cc12,79.43,-1.899984562549391,0,train
C=CCN(CC=C)CCc1c[nH]c2ccc(Cl)cc12,100.0,-2.0,0,test
N#C/N=C(/NCCCc1ccccc1)NCC1CCC(c2c[nH]cn2)C1,9350.0,-3.9708116108725178,0,train
O=C1c2ccccc2C(=O)N1CCCCN1CCC2CCCCC2C1,3631.39,-3.5600728932952803,0,test
c1ccc2c(c1)CCN(CCCCc1c[nH]c3ccccc13)C2,833.88,-2.921103557727076,0,train
O=C(CCCN1CCc2ccccc2C1)c1ccc(F)cc1,86.3,-1.9360107957152093,0,train
O=C(CCCN1CCc2ccccc2C1)c1ccccc1,65.55,-1.816572696026103,0,train
N#Cc1ccc(C(=O)CCCN2CCc3ccccc3C2)cc1,167.745,-2.224649583954163,0,train
COc1ccc(C(=O)CCCN2CCc3ccccc3C2)cc1,207.765,-2.317572388326485,0,train
O=C(CCCN1CCc2ccccc2C1)c1ccc(Cl)cc1,599.78,-2.777991979872234,0,train
O=C1NCN(c2ccccc2)C12CCN(CCCCc1nc3cc(Cl)ccc3s1)CC2,269.21000000000004,-2.4300911880339493,0,train
O=C1NCN(c2ccccc2)C12CCN(CCCCc1nc3ccccc3o1)CC2,536.015,-2.7291769432861974,0,train
O=C1NCN(c2ccccc2)C12CCN(CCCCc1c[nH]c3ccccc13)CC2,274.21000000000004,-2.438083288767236,0,train
O=c1[nH]c2cc(Cl)ccc2n1C1CCN(CCCCc2nc3ccccc3o2)CC1,505.595,-2.70380277041051,0,train
O=c1[nH]c2cc(Cl)ccc2n1C1CCN(CCCCc2c[nH]c3ccccc23)CC1,250.235,-2.398348053733879,0,train
C1=C(CCN2CCc3ccccc3C2)CCc2ccccc21,1441.22,-3.158730280254146,0,train
c1ccc(Cc2ccccc2OCCCN2CCCCC2)cc1,12.59,-1.1000257301078626,0,train
c1ccc(Cc2ccccc2OCCCN2CCCCCC2)cc1,19.95,-1.299942900022767,0,train
c1ccc(Cc2ccccc2OCCN2CCCC2)cc1,15.85,-1.2000292665537704,0,test
c1ccc(Cc2ccccc2OCCN2CCCCC2)cc1,25.12,-1.4000196350651586,0,test
c1ccc(OC2CCNCC2)cc1,3981.07,-3.59999981394342,0,train
c1ccc(Cc2ccccc2OCCN2CCCCCC2)cc1,63.1,-1.8000293592441343,0,train
c1ccc(Cc2ccccc2OCCCN2CCCC2)cc1,10.0,-1.0,0,train
c1ccc(Cc2ccc(OC3CCNCC3)cc2)cc1,10000.0,-4.0,0,test
c1cnc2c(N3CCN(CCc4ccc(OCCCN5CCCCCC5)cc4)CC3)cccc2c1,19.95,-1.299942900022767,0,train
c1cnc2c(N3CCN(CCCc4ccc(OCCCN5CCCCCC5)cc4)CC3)cccc2c1,79.43,-1.899984562549391,0,train
c1cnc2c(N3CCN(CCCCc4ccc(OCCCN5CCCCCC5)cc4)CC3)cccc2c1,15.85,-1.2000292665537704,0,train
O=C(O)c1ccc2cccc(N3CCN(CCc4ccc(OCCCN5CCCCCC5)cc4)CC3)c2n1,251.19,-2.400002345927956,1,train
O=C(O)c1cnc2c(N3CCN(CCc4ccc(OCCCN5CCCCCC5)cc4)CC3)cccc2c1,398.11,-2.60000308662774,1,train
N#Cc1ccc(N2CCN(CCc3ccc(OCCCN4CCCCCC4)cc3)CC2)c2ncccc12,1000.0,-3.0,0,train
O=C(O)CCc1ccc2cccc(N3CCN(CCc4ccc(OCCCN5CCCCCC5)cc4)CC3)c2n1,12.59,-1.1000257301078626,1,test
O=C(O)CCc1cnc2c(N3CCN(CCc4ccc(OCCCN5CCCCCC5)cc4)CC3)cccc2c1,39.81,-1.599992177584098,1,test
CS(=O)(=O)c1ccc2c(c1)N(CCCN1CCC(C(N)=O)CC1)c1ccccc1S2,8.4,-0.9242792860618816,1,train
CS(=O)(=O)c1ccc2c(c1)N(CCCN1CCC(C(=O)O)CC1)c1ccccc1S2,140.0,-2.146128035678238,1,train
CC(C)(C)c1nc(CN2CCN(Cc3ccccn3)CC2)cs1,1191.0,-3.0759117614827773,0,train
CC(C)c1nc(CN2CCC(c3ccccc3)C2)cs1,322.0,-2.507855871695831,0,train
CCCc1nc(CN2CCC(c3ccccc3)C2)cs1,310.0,-2.4913616938342726,0,test
Fc1ccccc1N1CCN(CCCNc2cncc(Cl)n2)CC1,134.0,-2.127104798364808,0,test
Clc1cncc(NCCCCN2CCN(c3ccccc3)CC2)n1,32.0,-1.505149978319906,0,train
Clc1cncc(NCCCN2CCN(c3ccccc3)CC2)n1,40.0,-1.6020599913279625,0,train
Cc1cccc(N2CCN(CCNc3cncc(Cl)n3)CC2)c1,2455.0,-3.3900514964589874,0,train
Fc1ccc(N2CCN(CCNc3cncc(Cl)n3)CC2)cc1,302.0,-2.4800069429571505,0,train
N#Cc1c(CN2CCN(CCc3ccccc3)CC2)cn2ccccc12,35.0,-1.5440680443502757,0,test
O=C(CCN1CCN(Cc2ccccc2)CC1)Nc1nccs1,0.8,0.0969100130080563,0,train
CC(CNc1cncc(Cl)n1)N1CCN(c2ccccc2)CC1,1144.0,-3.058426024457005,0,train
Cc1ccn(CCN2CCC(Cc3ccccc3F)CC2)n1,280.0,-2.4471580313422194,0,train
CCOc1ccc(C(O)CN2CCN(c3ccccc3F)CC2)cc1,718.0,-2.8561244442423,0,train
OC(COCC1CCCO1)CN1CCN(c2ccccc2F)CC1,4241.0,-3.62746827245971,0,train
Cc1cccc(N2CCN(CCCNC(=O)c3cn[nH]c3C)CC2)c1,44.0,-1.6434526764861874,0,train
COCC(C)N1CCN(c2cccc(F)c2C#N)CC1,1110.0,-3.0453229787866576,0,train
c1ccc(CN2CCc3cc(N4CCOCC4)ccc3C2)cc1,1739.0,-3.2402995820027125,1,train
CN1CCN(c2ccc3c(c2)CN(C(=O)OCc2ccccc2)C3)CC1,483.0,-2.683947130751512,0,train
C=C(C)CN1CCN(c2ccc3c(c2)CN(C(=O)OCc2ccccc2)C3)CC1,298.0,-2.4742162640762557,0,test
C=C(C)CN1CCN(c2ccc3c(c2)CN(C(=O)OCc2ccccc2)CC3)CC1,869.0,-2.9390197764486663,1,train
O=C(OCc1ccccc1)N1Cc2ccc(N3CCN(C4CCCC4)CC3)cc2C1,594.0,-2.773786444981193,0,train
O=C(OCc1ccccc1)N1CCc2ccc(N3CCN(C4CCCC4)CC3)cc2C1,336.0,-2.526339277389844,0,train
CCOC(=O)CCN1CCN(c2ccc3c(c2)CN(C(=O)OCc2ccccc2)C3)CC1,1061.0,-3.025715383901341,1,test
CCOC(=O)CCN1CCN(c2ccc3c(c2)CN(C(=O)OCc2ccccc2)CC3)CC1,62.0,-1.792391689498254,1,train
OCCOCCN1CCN(C(c2ccccc2)c2ccc(Cl)cc2)CC1,2.0,-0.3010299956639812,0,train
OC1(c2ccc(Cl)c(C(F)(F)F)c2)CCN(CCCCCc2ccc(F)cc2)CC1,718.0,-2.8561244442423,0,train
CCC1c2cc(OC)ccc2CCC1(C)N,3162.28,-3.500000321342936,0,train
Cc1cncc(CN2CCC(=C3c4ccc(Cl)cc4CCc4cccnc43)CC2)c1,3.981,-0.599992177584098,0,train
Cc1ccncc1CN1CCC(=C2c3ccc(Cl)cc3CCc3cccnc32)CC1,12.88,-1.1099158630237933,0,train
Cc1ncccc1CN1CCC(=C2c3ccc(Cl)cc3CCc3cccnc32)CC1,8.913,-0.9500239065233264,0,train
Cc1ccc(CN2CCC(=C3c4ccc(Cl)cc4CCc4cccnc43)CC2)cn1,7.586,-0.8800128383667718,1,train
Clc1ccc2c(c1)CCc1cccnc1C2=C1CCN(Cc2cccnc2)CC1,5.012,-0.7000110623221123,0,test
Clc1ccc2c(c1)CCc1cccnc1C2=C1CCN(Cc2ccncc2)CC1,7.943,-0.899984562549391,1,train
Clc1ccc2c(c1)CCc1cccnc1C2=C1CCN(Cc2ccccn2)CC1,3.162,-0.4999618655961902,0,train
Clc1ccc2c(c1)CCc1cccnc1C2=C1CCN(Cc2ncccn2)CC1,3.162,-0.4999618655961902,0,train
Clc1ccc2c(c1)CCc1cccnc1C2=C1CCN(Cc2ccncn2)CC1,5.012,-0.7000110623221123,0,train
Cc1cccc(CN2CCC(=C3c4ccc(Cl)cc4CCc4cccnc43)CC2)c1,7.943,-0.899984562549391,0,test
Clc1ccc2c(c1)CCc1cccnc1C2=C1CCN(Cc2ccccc2)CC1,3.981,-0.599992177584098,0,train
Clc1ccc2c(c1)CCc1cccnc1C2=C1CCN(CC2CCCCC2)CC1,2.512,-0.4000196350651585,0,train
Clc1ccc2c(c1)CCc1cccnc1C2=C1CCN(CC2CCCC2)CC1,1.259,-0.1000257301078625,1,train
CCC(CC)CN1CCC(=C2c3ccc(Cl)cc3CCc3cccnc32)CC1,1.778,-0.2499317566341949,1,train
Clc1ccc2c(c1)CCc1cccnc1C2=C1CCN(CC2CCC2)CC1,0.7943,0.100015437450609,1,test
Clc1ccc2c(c1)CCc1cccnc1C2=C1CCN(CC2CC2)CC1,0.631,0.1999706407558656,1,test
Clc1ccc2c(c1)CCc1cccnc1C2=C1CCN(C2CCCCC2)CC1,19.95,-1.299942900022767,1,train
Clc1ccc2c(c1)CCc1cccnc1C2=C1CCN(C2CCCC2)CC1,3.981,-0.599992177584098,0,train
Clc1ccc2c(c1)CCc1cccnc1C2=C1CCN(C2CCC2)CC1,2.138,-0.3300077008727592,0,train
Clc1ccc2c(c1)CCc1cccnc1C2=C1CCN(C2CC2)CC1,3.162,-0.4999618655961902,0,train
CC(C)N1CCC(=C2c3ccc(Cl)cc3CCc3cccnc32)CC1,1.0,-0.0,1,train
CCN1CCC(=C2c3ccc(Cl)cc3CCc3cccnc32)CC1,0.4169,0.3799681048737026,0,test
Nc1ncnc2c1ncn2C1OC(C(=O)NC2CC2)C(O)C1O,7880.0,-3.8965262174895554,0,test
CCCN(CCC1(O)CC(NC(=O)c2ccc3ccccc3c2)C1)C1CCc2nc(N)sc2C1,110.0,-2.041392685158225,0,train
